refNo,annexNo,inciName,chemicalName,innName,phEurName,casNo,ecNo,chemicalDescription,identifiedIngredient,functionName,cosmeticRestriction,maximumConcentration,productTypeBodyParts,otherRestrictions,otherRegulations,classificationInformation,note,colour,perfuming,publicationDate,currentVersion
1,V,Benzoic acid and its sodium salt,,,,65-85-0 / 532-32-1,200-618-2 / 208-534-8,,32134 | 37735,,,"a) 2.5% (acid)
b) 1.7% (acid)
c) 0.5% (acid)","a) Rinse-off products, except oral care products
b) Oral care products
c) Leave-on products","<empty> | <empty> | <empty> | <empty> | <empty> | <empty> | <empty> | as a constituent of other substances, or in mixtures, in concentrations equal to, or greater than 0.1% by weight | <empty> | <empty> | <empty> | <empty> | <empty> | <empty> | <empty> | <empty> | Shall not be placed on the market, or used, as substance or in mixtures in concentrations equal to ot greater than 0.1% by weight | <empty>",,[],,,N,2009-12-22T00:00:00.000+0100,1
1a,V,Salts of benzoic acid other than that listed under reference number 1 and esters of benzoic acid,,,,1863-63-4 /2090-05-3 / 582-25-2 / 553-70-8 / 4337-66-0 / 93-58-3 / 93-89-0 / 2315-68-6 / 136-60-7 / 120-50-3 / 939-48-0 / 93-99-2,217-468-9 / 218-235-4 / 209-481-3 / 209-045-2 / 224-387-2 / 202-259-7 / 202-284-3 / 219-020-8 / 205-252-7 / 204-401-3 / 213-361-6 / 202-293-2,,31706 | 31845 | 32313 | 33810 | 34602 | 34684 | 35084 | 35180 | 35279 | 36525 | 36934 | 37266,,,0.5% (acid),,,,[],,,N,2009-12-22T00:00:00.000+0100,1
2,V,Propionic acid and its salts,,,,79-09-4 / 17496-08-1 / 4075-81-4 / 557-27-7 / 327-62-8 / 137-40-6,201-176-3 / 241-503-7 / 223-795-8 / 209-166-0 / 206-323-5 / 205-290-4,,31896 | 32341 | 35116 | 37018 | 37261 | 38042,,,2% (acid),,"<empty> | <empty> | <empty> | <empty> | <empty> | <empty> | <empty> | as a constituent of other substances, or in mixtures, in concentrations equal to, or greater than 0.1% by weight | <empty> | <empty> | <empty> | <empty> | <empty> | <empty> | <empty> | <empty> | Shall not be placed on the market, or used, as substance or in mixtures in concentrations equal to ot greater than 0.1% by weight | <empty> | <empty> | <empty> | <empty> | Shall not be used as propellant in aerosols for any use. Aerosols dispenser containing the substance as propellant shall not be placed on the market | <empty> | <empty> | <empty> | <empty> | <empty> | <empty> | <empty> | <empty> | <empty> | <empty> | <empty> | <empty> | <empty> | <empty> | <empty> | <empty> | <empty> | <empty> | <empty> | <empty> | <empty> | <empty> | <empty> | <empty> | <empty> | <empty> | <empty> | <empty> | <empty> | <empty> | <empty> | <empty> | <empty> | <empty> | <empty> | <empty> | <empty> | <empty> | <empty> | <empty> | <empty> | <empty> | <empty> | <empty> | <empty> | <empty>",,[],,,N,2009-12-22T00:00:00.000+0100,1
3,V,Salicylic acid and its salts,Salicylic acid and its salts,,,69-72-7[1]/ 824-35-1[2]/ 18917-89-0[3]/ 59866-70-5[4]/ 54-21-7[5]/ 578-36-9[6]/ 2174-16-5[7],200-712-3[1]/ 212-525-4[2]/ 242-669-3[3]/ 261-963-2[4]/ 200-198-0[5]/ 209-421-6[6]/ 218-531-3[7],,29470 | 32344 | 35117 | 35191 | 37022 | 37595 | 38052 | 38532,,,"Salicylic acid: 0,5 % (acid)

Salicylic acid salts: 0,5 % (acid)",,"<empty> | <empty> | <empty> | <empty> | <empty> | <empty> | <empty> | as a constituent of other substances, or in mixtures, in concentrations equal to, or greater than 0.1% by weight | <empty> | <empty> | <empty> | <empty> | <empty> | <empty> | <empty> | <empty> | Shall not be placed on the market, or used, as substance or in mixtures in concentrations equal to ot greater than 0.1% by weight | <empty>",,[],,,N,2019-12-13T00:00:00.000+0100,1
4,V,"Hexa-2,4-dienoic acid and its salts",,,,110-44-1 / 7492-55-9 / 7757-81-5 / 24634-61-5,203-768-7 / 231-321-6 / 231-819-3 / 246-376-1,,32346 | 37025 | 38059 | 38173 | 38533,,,0.6% (acid),,"<empty> | <empty> | <empty> | <empty> | <empty> | <empty> | <empty> | as a constituent of other substances, or in mixtures, in concentrations equal to, or greater than 0.1% by weight | <empty> | <empty> | <empty> | <empty> | <empty> | <empty> | <empty> | <empty> | Shall not be placed on the market, or used, as substance or in mixtures in concentrations equal to ot greater than 0.1% by weight | <empty> | <empty> | <empty> | <empty> | Shall not be used as propellant in aerosols for any use. Aerosols dispenser containing the substance as propellant shall not be placed on the market | <empty> | <empty> | <empty> | <empty> | <empty> | <empty> | <empty> | <empty> | <empty> | <empty> | <empty> | <empty> | <empty> | <empty> | <empty>",,[],,,N,2009-12-22T00:00:00.000+0100,1
6,V,Moved or deleted,,,,,,,,,,,,"<empty> | <empty> | <empty> | <empty> | <empty> | <empty> | <empty> | as a constituent of other substances, or in mixtures, in concentrations equal to, or greater than 0.1% by weight | <empty> | <empty> | <empty> | <empty> | <empty> | <empty> | <empty> | <empty> | Shall not be placed on the market, or used, as substance or in mixtures in concentrations equal to ot greater than 0.1% by weight | <empty> | <empty> | <empty> | <empty> | Shall not be used as propellant in aerosols for any use. Aerosols dispenser containing the substance as propellant shall not be placed on the market | <empty> | <empty> | <empty> | <empty> | <empty> | <empty> | <empty> | <empty> | <empty> | <empty> | <empty> | <empty> | <empty> | <empty> | <empty> | <empty> | <empty> | <empty> | <empty> | <empty> | <empty> | <empty> | <empty> | <empty> | <empty> | <empty> | <empty> | <empty> | <empty> | <empty> | <empty> | <empty> | <empty> | <empty> | <empty> | <empty> | <empty> | <empty> | <empty> | <empty> | <empty>",,[],,,N,2009-12-22T00:00:00.000+0100,1
7,V,"Biphenyl-2-ol; 2-phenylphenol; 2-hydroxybiphenyl, Sodium 2-biphenylate",Biphenyl-2-ol,,,"90-43-7, 132-27-4","201-993-5, 205-055-6",,35733 | 38006 | 35179 | 37007,,,"(a) 0,2 % (as phenol

(b) 0,15 % (as phenol)","(a) Rinse-off products

(b) Leave-on products",,,[],,,N,2026-01-13T00:00:00.000+0100,1
9,V,Inorganic sulphites and hydrogensulphites (5),,,,7757-83-7 / 10192-30-0 / 10196-04-0 / 10117-38-1 / 7773-03-7 / 7631-90-5 / 7681-57-4 / 16731-55-8,231-821-4 / 233-469-7 / 233-484-9 / 233-321-1 / 231-870-1 /231-548-0 / 231-673-0 / 240-795-3,,29471 | 31847 | 31900 | 36994 | 37031 | 37740 | 37956 | 38095,,,0.2% (as free SO2),,"<empty> | <empty> | <empty> | <empty> | <empty> | <empty> | <empty> | as a constituent of other substances, or in mixtures, in concentrations equal to, or greater than 0.1% by weight | <empty> | <empty> | <empty> | <empty> | <empty> | <empty> | <empty> | <empty> | Shall not be placed on the market, or used, as substance or in mixtures in concentrations equal to ot greater than 0.1% by weight | <empty> | <empty> | <empty> | <empty> | Shall not be used as propellant in aerosols for any use. Aerosols dispenser containing the substance as propellant shall not be placed on the market | <empty> | <empty> | <empty> | <empty> | <empty> | <empty> | <empty> | <empty> | <empty> | <empty> | <empty> | <empty> | <empty> | <empty> | <empty> | <empty> | <empty> | <empty> | <empty>",,[],"V (5) For use other than as a preservative, see Annex III, No. 99",,N,2009-12-22T00:00:00.000+0100,1
10,V,Moved or deleted,,,,,,,,,,,,"<empty> | <empty> | <empty> | <empty> | <empty> | <empty> | <empty> | as a constituent of other substances, or in mixtures, in concentrations equal to, or greater than 0.1% by weight | <empty> | <empty> | <empty> | <empty> | <empty> | <empty> | <empty> | <empty> | Shall not be placed on the market, or used, as substance or in mixtures in concentrations equal to ot greater than 0.1% by weight | <empty> | <empty> | <empty> | <empty> | Shall not be used as propellant in aerosols for any use. Aerosols dispenser containing the substance as propellant shall not be placed on the market | <empty> | <empty> | <empty> | <empty> | <empty> | <empty> | <empty> | <empty> | <empty> | <empty> | <empty> | <empty> | <empty> | <empty> | <empty> | <empty> | <empty> | <empty> | <empty> | <empty> | <empty> | <empty> | <empty> | <empty> | <empty> | <empty> | <empty> | <empty> | <empty> | <empty> | <empty> | <empty> | <empty> | <empty> | <empty> | <empty> | <empty> | <empty> | <empty> | <empty> | <empty>",,[],,,N,2009-12-22T00:00:00.000+0100,1
11,V,Chlorobutanol,"1,1,1-Trichloro-2-methyl-2-propanol",Chlorobutanol,,57-15-8,200-317-6,,32662,,,0.5%,,"<empty> | <empty> | <empty> | <empty> | <empty> | <empty> | <empty> | as a constituent of other substances, or in mixtures, in concentrations equal to, or greater than 0.1% by weight | <empty> | <empty> | <empty> | <empty> | <empty> | <empty> | <empty> | <empty> | Shall not be placed on the market, or used, as substance or in mixtures in concentrations equal to ot greater than 0.1% by weight | <empty> | <empty> | <empty> | <empty> | Shall not be used as propellant in aerosols for any use. Aerosols dispenser containing the substance as propellant shall not be placed on the market | <empty> | <empty> | <empty>",,[],,,N,2009-12-22T00:00:00.000+0100,1
12,V,"4-Hydroxybenzoic acid and its Methyl- and Ethyl-esters, and their salts","4-Hydroxybenzoic acid and its Methyl- and Ethyl-esters, and their salts (4-Hydroxybenzoic acid, methylparaben, potassium ethylparaben, potassium paraben, sodium methylparaben, sodium ethylparaben, ethylparaben, sodium paraben, potassium methyl­paraben, calcium paraben)",,,99-96-7 /99-76-3 /36457-19-9 /16782-08-4 /5026-62-0 /35285-68-8 /120-47-8 /114-63-6 /26112-07-2 /69959-44-0,202-804-9 /202-785-7 /253-048-1 /240-830-2 /225-714-1 /252-487-6 /204-399-4 /204-051-1 /247-464-2 /274-235-4,,31527 | 32338 | 33899 | 35342 | 36973 | 36997 | 37011 | 37868 | 37968 | 38016,PRESERVATIVE,,"0,4% (as acid) for single ester
0,8% (as acid) for mixtures of esters",,,,[],,,N,2014-09-26T00:00:00.000+0200,1
12 a,V,Butyl 4-hydroxy­benzoate and its salts Propyl 4-hydroxy­benzoate and its salts,"Butyl 4-hydroxy­benzoate and its salts Propyl 4-hydroxy­benzoate and its salts (Butylparaben, propylparaben, sodium propylparaben, sodium butylparaben, potassium butylparaben, potassium propylparaben)",,,94-26-8/ 94-13-3/ 35285-69-9/ 36457-20-2/ 38566-94-8/ 84930-16-5,202-318-7/ 202-307-7/ 252-488-1/ 253-049-7/ 254-009-1/ 284-597-5,,31734 | 36938 | 37019 | 37312 | 37746 | 38044,PRESERVATIVE,,"- 0,14% (as acid) for the sum of the individual concentrations

- 0,8% (as acid) for mixtures of substances mentioned in entry 12 and 12a, here the sum of the individual concentrations of butyl and propylparaben and their salts does not exceed 0,14%",,"<empty> | <empty> | <empty> | <empty> | <empty> | <empty> | <empty> | as a constituent of other substances, or in mixtures, in concentrations equal to, or greater than 0.1% by weight | <empty> | <empty> | <empty> | <empty> | <empty> | <empty> | <empty> | <empty> | Shall not be placed on the market, or used, as substance or in mixtures in concentrations equal to ot greater than 0.1% by weight | <empty> | <empty> | <empty> | <empty> | Shall not be used as propellant in aerosols for any use. Aerosols dispenser containing the substance as propellant shall not be placed on the market | <empty> | <empty> | <empty> | <empty> | <empty> | <empty> | <empty> | <empty> | <empty> | <empty> | <empty> | <empty> | <empty> | <empty> | <empty> | <empty> | <empty> | <empty> | <empty> | <empty> | <empty> | <empty> | <empty> | <empty> | <empty> | <empty> | <empty> | <empty> | <empty> | <empty> | <empty> | <empty> | <empty> | <empty> | <empty> | <empty> | <empty> | <empty> | <empty> | <empty> | <empty> | <empty> | <empty>",,[],,,N,2014-09-26T00:00:00.000+0200,1
13,V,"3-Acetyl-6-methylpyran-2,4(3H)-dione and its salts",,,,520-45-6 / 4418-26-2 / 16807-48-0,208-293-9 / 224-580-1 / -,,33185 | 37851,,,0.6% (as acid),,"<empty> | <empty> | <empty> | <empty> | <empty> | <empty> | <empty> | as a constituent of other substances, or in mixtures, in concentrations equal to, or greater than 0.1% by weight | <empty> | <empty> | <empty> | <empty> | <empty> | <empty> | <empty> | <empty> | Shall not be placed on the market, or used, as substance or in mixtures in concentrations equal to ot greater than 0.1% by weight | <empty> | <empty> | <empty> | <empty> | Shall not be used as propellant in aerosols for any use. Aerosols dispenser containing the substance as propellant shall not be placed on the market | <empty> | <empty> | <empty> | <empty> | <empty> | <empty> | <empty> | <empty> | <empty> | <empty> | <empty> | <empty> | <empty> | <empty> | <empty> | <empty> | <empty>",,[],,,N,2009-12-22T00:00:00.000+0100,1
14,V,Formic acid and its sodium salt,,,,64-18-6 / 141-53-7,200-579-1 / 205-488-0,,33949 | 37871,,,0.5% (as acid),,"<empty> | <empty> | <empty> | <empty> | <empty> | <empty> | <empty> | as a constituent of other substances, or in mixtures, in concentrations equal to, or greater than 0.1% by weight | <empty> | <empty> | <empty> | <empty> | <empty> | <empty> | <empty> | <empty> | Shall not be placed on the market, or used, as substance or in mixtures in concentrations equal to ot greater than 0.1% by weight | <empty>",,[],,,N,2009-12-22T00:00:00.000+0100,1
15,V,"3,3'-Dibromo-4,4'-hexamethylenedioxydibenzamidine and its salts (including isethionate)",,,,93856-83-8,299-116-4,,33227,,,0.1%,,"<empty> | <empty> | <empty> | <empty> | <empty> | <empty> | <empty> | as a constituent of other substances, or in mixtures, in concentrations equal to, or greater than 0.1% by weight | <empty> | <empty> | <empty> | <empty> | <empty> | <empty> | <empty> | <empty> | Shall not be placed on the market, or used, as substance or in mixtures in concentrations equal to ot greater than 0.1% by weight | <empty>",,[],,,N,2009-12-22T00:00:00.000+0100,1
16,V,Thiomersal,,Thiomersal,,54-64-8,200-210-4,,38582,,,"0.007% (of Hg)
If mixed with other mercurial compounds authorized by this Regulation, the maximum concentration of Hg remains fixed at 0.007%",Eye products,"<empty> | <empty> | <empty> | <empty> | <empty> | <empty> | <empty> | as a constituent of other substances, or in mixtures, in concentrations equal to, or greater than 0.1% by weight | <empty> | <empty> | <empty> | <empty> | <empty> | <empty> | <empty> | <empty> | Shall not be placed on the market, or used, as substance or in mixtures in concentrations equal to ot greater than 0.1% by weight | <empty> | <empty> | <empty> | <empty> | Shall not be used as propellant in aerosols for any use. Aerosols dispenser containing the substance as propellant shall not be placed on the market | <empty> | <empty> | <empty> | <empty> | <empty> | <empty> | <empty> | <empty> | <empty> | <empty>",,[],,,N,2009-12-22T00:00:00.000+0100,1
17,V,Phenylmercuric salts (including borate),,,,62-38-4 / 94-43-9,200-532-5 / 202-331-8,,36527 | 36528 | 36529 | 59212 | 59213,,,"0.007% (of Hg) 
If mixed with other mercurial compounds authorized by this Directive, the maximum concentration of Hg remains fixed at 0.007%",Eye products,<empty> | <empty> | <empty>,,[],,,N,2009-12-22T00:00:00.000+0100,1
18,V,Undec-10-enoic acid and its salts,,,,112-38-9 / 6159-41-7 / 3398-33-2 / 1322-14-1 / 84471-25-0 / 56532-40-2,203-965-8 / - / 222-264-8 / 215-331-8 / 282-908-9 / 260-247-7,,32354 | 35193 | 37039 | 38116 | 38538 | 38829,,,0.2% (as acid),,"<empty> | <empty> | <empty> | <empty> | <empty> | <empty> | <empty> | as a constituent of other substances, or in mixtures, in concentrations equal to, or greater than 0.1% by weight | <empty> | <empty> | <empty> | <empty> | <empty> | <empty> | <empty> | <empty> | Shall not be placed on the market, or used, as substance or in mixtures in concentrations equal to ot greater than 0.1% by weight | <empty> | <empty> | <empty> | <empty> | Shall not be used as propellant in aerosols for any use. Aerosols dispenser containing the substance as propellant shall not be placed on the market | <empty> | <empty> | <empty> | <empty> | <empty> | <empty> | <empty> | <empty> | <empty> | <empty> | <empty> | <empty> | <empty> | <empty> | <empty> | <empty> | <empty>",,[],,,N,2009-12-22T00:00:00.000+0100,1
19,V,"5-Pyrimidinamine, 1,3-bis(2-ethylhexyl)hexahydro-5-methyl-",,Hexetidine,,141-94-6,205-513-5,,34266,,,0.1%,,"<empty> | <empty> | <empty> | <empty> | <empty> | <empty> | <empty> | as a constituent of other substances, or in mixtures, in concentrations equal to, or greater than 0.1% by weight | <empty> | <empty> | <empty> | <empty> | <empty> | <empty> | <empty> | <empty> | Shall not be placed on the market, or used, as substance or in mixtures in concentrations equal to ot greater than 0.1% by weight | <empty> | <empty> | <empty> | <empty> | Shall not be used as propellant in aerosols for any use. Aerosols dispenser containing the substance as propellant shall not be placed on the market | <empty> | <empty> | <empty> | <empty> | <empty> | <empty> | <empty> | <empty> | <empty> | <empty> | <empty> | <empty> | <empty> | <empty> | <empty> | <empty> | <empty> | <empty> | <empty> | <empty> | <empty> | <empty> | <empty> | <empty> | <empty> | <empty> | <empty> | <empty> | <empty> | <empty> | <empty> | <empty> | <empty> | <empty> | <empty> | <empty> | <empty> | <empty> | <empty> | <empty> | <empty> | <empty> | <empty> | <empty> | <empty> | <empty>",,[],,,N,2009-12-22T00:00:00.000+0100,1
20,V,"5-Bromo-5-nitro-1,3-dioxane","5-Bromo-5-nitro-1,3-dioxane",,,30007-47-7,250-001-7,,31538,,,0.1%,Rinse-off products,"<empty> | <empty> | <empty> | <empty> | <empty> | <empty> | <empty> | as a constituent of other substances, or in mixtures, in concentrations equal to, or greater than 0.1% by weight | <empty> | <empty> | <empty> | <empty> | <empty> | <empty> | <empty> | <empty> | Shall not be placed on the market, or used, as substance or in mixtures in concentrations equal to ot greater than 0.1% by weight | <empty> | <empty> | <empty> | <empty> | Shall not be used as propellant in aerosols for any use. Aerosols dispenser containing the substance as propellant shall not be placed on the market | <empty> | <empty> | <empty> | <empty> | <empty> | <empty> | <empty> | <empty> | <empty> | <empty> | <empty> | <empty> | <empty> | <empty> | <empty> | <empty> | <empty> | <empty> | <empty> | <empty> | <empty> | <empty> | <empty> | <empty> | <empty> | <empty> | <empty> | <empty>",,[],,,N,2009-12-22T00:00:00.000+0100,1
21,V,Bronopol,"2-Bromo-2-nitropropane-1,3-diol",Bronopol,,52-51-7,200-143-0,,31492,,,0.1%,,"<empty> | <empty> | <empty> | <empty> | <empty> | <empty> | <empty> | as a constituent of other substances, or in mixtures, in concentrations equal to, or greater than 0.1% by weight | <empty> | <empty> | <empty> | <empty> | <empty> | <empty> | <empty> | <empty> | Shall not be placed on the market, or used, as substance or in mixtures in concentrations equal to ot greater than 0.1% by weight | <empty> | <empty> | <empty> | <empty> | Shall not be used as propellant in aerosols for any use. Aerosols dispenser containing the substance as propellant shall not be placed on the market | <empty> | <empty> | <empty> | <empty> | <empty> | <empty> | <empty> | <empty> | <empty> | <empty> | <empty> | <empty> | <empty> | <empty> | <empty> | <empty> | <empty> | <empty> | <empty> | <empty> | <empty> | <empty> | <empty> | <empty> | <empty> | <empty> | <empty> | <empty> | <empty> | <empty> | <empty> | <empty> | <empty> | <empty>",,[],,,N,2009-12-22T00:00:00.000+0100,1
22,V,"2,4-Dichlorobenzyl alcohol",,,,1777-82-8,217-210-5,,33259,,,0.15%,,"<empty> | <empty> | <empty> | <empty> | <empty> | <empty> | <empty> | as a constituent of other substances, or in mixtures, in concentrations equal to, or greater than 0.1% by weight | <empty> | <empty> | <empty> | <empty> | <empty> | <empty> | <empty> | <empty> | Shall not be placed on the market, or used, as substance or in mixtures in concentrations equal to ot greater than 0.1% by weight | <empty> | <empty> | <empty> | <empty> | Shall not be used as propellant in aerosols for any use. Aerosols dispenser containing the substance as propellant shall not be placed on the market | <empty> | <empty> | <empty> | <empty> | <empty> | <empty> | <empty>",,[],,,N,2009-12-22T00:00:00.000+0100,1
23,V,"1-(4-Chlorophenyl)-3-(3,4-dichlorophenyl)urea",,triclocarban,,101-20-2,202-924-1,,29472 | 38662,,,"0,2 %","All cosmetic products, with the exception of mouthwash.",,,[],"V (6) For use other than as a preservative, see Annex III, No. 100",,N,2024-04-04T00:00:00.000+0200,1
24,V,Chlorocresol,,chlorocresol,,59-50-7,200-431-6,,35870,,,0.2%,Not to be used in products applied on mucous membranes,"<empty> | <empty> | <empty> | <empty> | <empty> | <empty> | <empty> | as a constituent of other substances, or in mixtures, in concentrations equal to, or greater than 0.1% by weight | <empty> | <empty> | <empty> | <empty> | <empty> | <empty> | <empty> | <empty> | Shall not be placed on the market, or used, as substance or in mixtures in concentrations equal to ot greater than 0.1% by weight | <empty> | <empty> | <empty> | <empty> | Shall not be used as propellant in aerosols for any use. Aerosols dispenser containing the substance as propellant shall not be placed on the market | <empty> | <empty> | <empty> | <empty> | <empty> | <empty> | <empty> | <empty> | <empty> | <empty> | <empty> | <empty> | <empty> | <empty>",,[],,,N,2009-12-22T00:00:00.000+0100,1
25,V,"5-Chloro-2-(2,4-dichlorophenoxy)phenol","5-Chloro-2-(2,4-dichlorophenoxy)phenol",Triclosan,,3380-34-5,222-182-2,,38663,,,0.3%,Toothpastes; Hand soaps; Body soaps/Shower gels; Deodorants (non-spray); Face powders and blemish concealers; Nail products for cleaning the fingernails and toenails before the application of artificial nail systems;,,,[],,,N,2024-04-04T00:00:00.000+0200,1
26,V,Chloroxylenol,"Phenol, 4-chloro-3,5-dimethyl-",Chloroxylenol,,88-04-0 / 1321-23-9,201-793-8 / 215-316-6,,32666,,,0.5%,,"<empty> | <empty> | <empty> | <empty> | <empty> | <empty> | <empty> | as a constituent of other substances, or in mixtures, in concentrations equal to, or greater than 0.1% by weight | <empty> | <empty> | <empty> | <empty> | <empty> | <empty> | <empty> | <empty> | Shall not be placed on the market, or used, as substance or in mixtures in concentrations equal to ot greater than 0.1% by weight | <empty> | <empty> | <empty> | <empty> | Shall not be used as propellant in aerosols for any use. Aerosols dispenser containing the substance as propellant shall not be placed on the market | <empty> | <empty> | <empty> | <empty> | <empty> | <empty> | <empty>",,[],,,N,2009-12-22T00:00:00.000+0100,1
27,V,"N,N''-Methylenebis[N'-[3-(hydroxymethyl)-2,5-dioxoimidazolidin-4-yl]urea]","N,N''-Methylenebis[N'-[3-(hydroxymethyl)-2,5-dioxoimidazolidin-4-yl]urea]",,,39236-46-9,254-372-6,,34567,,,0.6%,,"<empty> | <empty> | <empty> | <empty> | <empty> | <empty> | <empty> | as a constituent of other substances, or in mixtures, in concentrations equal to, or greater than 0.1% by weight | <empty> | <empty> | <empty> | <empty> | <empty> | <empty> | <empty> | <empty> | Shall not be placed on the market, or used, as substance or in mixtures in concentrations equal to ot greater than 0.1% by weight | <empty> | <empty> | <empty> | <empty> | Shall not be used as propellant in aerosols for any use. Aerosols dispenser containing the substance as propellant shall not be placed on the market | <empty> | <empty> | <empty> | <empty> | <empty> | <empty> | <empty>",,[],,,N,2009-12-22T00:00:00.000+0100,1
28,V,Polyhexamethylene biguanide hydrochloride,Polyhexamethylene biguanide hydrochloride,Polyhexamethylene biguanide hydrochloride,,32289-58-0 [1]/ 27083-27-8 [2]/  28757-47-3 [3]/ 133029-32-0 [4],608-723-9 [1]/ 608-042-7 [2],,36692,,,0.1%,,"<empty> | <empty> | <empty> | <empty> | <empty> | <empty> | <empty> | as a constituent of other substances, or in mixtures, in concentrations equal to, or greater than 0.1% by weight | <empty> | <empty> | <empty> | <empty> | <empty> | <empty> | <empty> | <empty> | Shall not be placed on the market, or used, as substance or in mixtures in concentrations equal to ot greater than 0.1% by weight | <empty>",,"[[""2"",""Carcinogenic"",""""]]",,,N,2019-05-23T00:00:00.000+0200,1
29,V,2-Phenoxyethanol,2-Phenoxyethanol,,,122-99-6,204-589-7,,36522,,,1.0%,,"<empty> | <empty> | <empty> | <empty> | <empty> | <empty> | <empty> | as a constituent of other substances, or in mixtures, in concentrations equal to, or greater than 0.1% by weight | <empty> | <empty> | <empty> | <empty> | <empty> | <empty> | <empty> | <empty> | Shall not be placed on the market, or used, as substance or in mixtures in concentrations equal to ot greater than 0.1% by weight | <empty> | <empty> | <empty> | <empty> | Shall not be used as propellant in aerosols for any use. Aerosols dispenser containing the substance as propellant shall not be placed on the market | <empty> | <empty> | <empty> | <empty> | <empty> | <empty> | <empty> | <empty> | <empty> | <empty> | <empty> | <empty> | <empty> | <empty>",,[],,,N,2009-12-22T00:00:00.000+0100,1
30,V,Methenamine,"1,3,5,7-Tetraazatricyclo[3.3.1.1(3,7)]decane",methenamine,,100-97-0,202-905-8,,35256,,,0.15%,,"<empty> | <empty> | <empty> | <empty> | <empty> | <empty> | <empty> | as a constituent of other substances, or in mixtures, in concentrations equal to, or greater than 0.1% by weight | <empty>",,[],,,N,2009-12-22T00:00:00.000+0100,1
32,V,"1-(4-Chlorophenoxy)-1-(imidazol-1-yl)-3,3-dimethylbutan-2-one","(R,S)-1-(4-chlorophenoxy)-1-imidazol-1-yl-3,3-dimethylbutan-2-one",,,38083-17-9,253-775-4,,32909,,,"(a) 0,2 %
(b) 0,2 %
(c) 0,2 %
(d) 0,5 %","(a) Hair lotions
(b) Face creams
(c) Foot care products
(d) Rinse-off shampoo",<empty> | <empty> | <empty> | <empty> | <empty> | <empty> | <empty>,,[],,,N,2019-05-07T00:00:00.000+0200,1
33,V,"1,3-Bis(hydroxymethyl)-5,5-dimethylimidazolidine-2,4-dione","1,3-Bis(hydroxymethyl)-5,5-dimethylimidazolidine-2,4-dione",,,6440-58-0,229-222-8,,33723,,,0.6%,,"<empty> | <empty> | <empty> | <empty> | <empty> | <empty> | <empty> | as a constituent of other substances, or in mixtures, in concentrations equal to, or greater than 0.1% by weight | <empty>",,[],,,N,2009-12-22T00:00:00.000+0100,1
34,V,Benzyl alcohol (7),,,,100-51-6,202-859-9,,28294 | 32153,,,1.0%,,"<empty> | <empty> | <empty> | <empty> | <empty> | <empty> | <empty> | as a constituent of other substances, or in mixtures, in concentrations equal to, or greater than 0.1% by weight | <empty> | <empty> | <empty> | <empty> | <empty> | <empty> | <empty> | <empty> | Shall not be placed on the market, or used, as substance or in mixtures in concentrations equal to ot greater than 0.1% by weight | <empty> | <empty> | <empty> | <empty> | Shall not be used as propellant in aerosols for any use. Aerosols dispenser containing the substance as propellant shall not be placed on the market | <empty> | <empty> | <empty> | <empty> | <empty> | <empty> | <empty> | <empty> | <empty> | <empty> | <empty> | <empty> | <empty> | <empty> | <empty> | <empty> | <empty> | <empty> | <empty> | <empty> | <empty> | <empty> | <empty> | <empty> | <empty> | <empty> | <empty> | <empty> | <empty> | <empty> | <empty> | <empty> | <empty> | <empty> | <empty> | <empty> | <empty> | <empty> | <empty> | <empty> | <empty> | <empty> | <empty> | <empty> | <empty> | <empty>",,[],"V (7) For use other than as a preservative, see Annex III, No. 45 (a) (b)",,N,2013-04-25T00:00:00.000+0200,1
35,V,"1-Hydroxy-4-methyl-6-(2,4,4-trimethylpentyl)-2 pyridon and its monoethanolamine salt",,,,50650-76-5 / 68890-66-4,- / 272-574-2,,36604,,,"a) 1.0% 
b) 0.5%","a) Rinse-off products
b) Other products","<empty> | <empty> | <empty> | <empty> | <empty> | <empty> | <empty> | as a constituent of other substances, or in mixtures, in concentrations equal to, or greater than 0.1% by weight | <empty> | <empty> | <empty> | <empty> | <empty>",,[],,,N,2009-12-22T00:00:00.000+0100,1
36,V,Moved or deleted,,,,,,,,,,,,"<empty> | <empty> | <empty> | <empty> | <empty> | <empty> | <empty> | as a constituent of other substances, or in mixtures, in concentrations equal to, or greater than 0.1% by weight | <empty> | <empty> | <empty> | <empty> | <empty> | <empty> | <empty> | <empty> | Shall not be placed on the market, or used, as substance or in mixtures in concentrations equal to ot greater than 0.1% by weight | <empty> | <empty> | <empty> | <empty> | Shall not be used as propellant in aerosols for any use. Aerosols dispenser containing the substance as propellant shall not be placed on the market | <empty> | <empty> | <empty> | <empty> | <empty> | <empty> | <empty> | <empty> | <empty> | <empty> | <empty> | <empty> | <empty> | <empty> | <empty> | <empty> | <empty> | <empty> | <empty> | <empty> | <empty> | <empty> | <empty> | <empty> | <empty> | <empty> | <empty> | <empty> | <empty> | <empty> | <empty> | <empty> | <empty> | <empty> | <empty> | <empty> | <empty> | <empty> | <empty> | <empty> | <empty>",,[],,,N,2009-12-22T00:00:00.000+0100,1
37,V,"2,2'-Methylenebis(6-bromo-4-chlorophenol)","6,6-Dibromo-4,4-dichloro-2,2'-methylene-diphenol",Bromochlorophen,,15435-29-7,239-446-8,,32226,,,0.1%,,<empty> | <empty> | <empty>,,[],,,N,2009-12-22T00:00:00.000+0100,1
38,V,4-Isopropyl-m-cresol,,,,3228-02-2,221-761-7,,34687 | 35637,,,0.1%,,"<empty> | <empty> | <empty> | <empty> | <empty> | <empty> | <empty> | as a constituent of other substances, or in mixtures, in concentrations equal to, or greater than 0.1% by weight | <empty> | <empty> | <empty> | <empty> | <empty> | <empty> | <empty> | <empty> | Shall not be placed on the market, or used, as substance or in mixtures in concentrations equal to ot greater than 0.1% by weight | <empty> | <empty> | <empty> | <empty> | Shall not be used as propellant in aerosols for any use. Aerosols dispenser containing the substance as propellant shall not be placed on the market | <empty> | <empty> | <empty> | <empty> | <empty> | <empty> | <empty> | <empty> | <empty> | <empty> | <empty> | <empty> | <empty> | <empty>",,[],,,N,2009-12-22T00:00:00.000+0100,1
39,V,Mixture of 5-Chloro-2-methyl-isothiazol-3(2H)-one and 2-Methylisothiazol-3(2H)-one with magnesium chloride and magnesium nitrate,Mixture of 5-Chloro-2-methyl-isothiazol-3(2H)-one and 2-Methylisothiazol-3(2H)-one with magnesium chloride and magnesium nitrate,,,"26172-55-4, 2682-20-4, 55965-84-9","247-500-7,  220-239-6",,35333 | 35341,,,0.0015% (of a mixture in the ratio 3:1 of 5-Chloro-2-methyl-isothiazol-3(2H)-one and 2-Methylisothiazol-3(2H)-one,Rinse-off,<empty> | <empty> | <empty>,,[],,,N,2014-09-26T00:00:00.000+0200,1
42,V,"N,N'-bis(4-chlorophenyl)-3,12-diimino-2,4,11,13-tetraazatetradecanediamidine and its digluconate, diacetate and dihydrochloride",,chlorhexidine,,55-56-1 / 56-95-1 / 18472-51-0 / 3697-42-5,200-238-7 / 200-302-4 / 242-354-0 / 223-026-6,,32657 | 32658 | 32659 | 32660,,,0.3% (as chlorhexidine),,"<empty> | <empty> | <empty> | <empty> | <empty> | <empty> | <empty> | as a constituent of other substances, or in mixtures, in concentrations equal to, or greater than 0.1% by weight | <empty> | <empty> | <empty> | <empty> | <empty> | <empty> | <empty> | <empty> | Shall not be placed on the market, or used, as substance or in mixtures in concentrations equal to ot greater than 0.1% by weight | <empty>",,[],,,N,2009-12-22T00:00:00.000+0100,1
43,V,1-Phenoxypropan-2-ol (8),,,,770-35-4,212-222-7,,36524,,,1.0%,Only for rinse-off products,"<empty> | <empty> | <empty> | <empty> | <empty> | <empty> | <empty> | as a constituent of other substances, or in mixtures, in concentrations equal to, or greater than 0.1% by weight | <empty> | <empty> | <empty> | <empty>",,[],"V (8) For use other than as a preservative, see Annex III, No. 54",,N,2009-12-22T00:00:00.000+0100,1
44,V,Alkyl (C12-C22) trimethyl ammonium bromide and chloride,,,,17301-53-0 / 57-09-0 / 112-02-7 / 1119-94-4 / 112-00-5 / 1120-02-1 / 112-03-8,241-327-0 / 200-311-3 / 203-928-6 / 214-290-3 / 203-927-0 / 214-294-5 / 203-929-1,,32112 | 32549 | 32589 | 32590 | 32980 | 34377 | 34409 | 34944 | 34945 | 35469 | 38214 | 38312 | 38313 | 38468,,,0.1%,,"<empty> | <empty> | <empty> | <empty> | <empty> | <empty> | <empty> | as a constituent of other substances, or in mixtures, in concentrations equal to, or greater than 0.1% by weight | <empty> | <empty> | <empty> | <empty> | <empty> | <empty> | <empty> | <empty> | Shall not be placed on the market, or used, as substance or in mixtures in concentrations equal to ot greater than 0.1% by weight | <empty> | <empty> | <empty> | <empty> | Shall not be used as propellant in aerosols for any use. Aerosols dispenser containing the substance as propellant shall not be placed on the market | <empty> | <empty> | <empty> | <empty> | <empty> | <empty> | <empty> | <empty>",,[],"V (1) (2) For use other than as a preservative, see Annex III, No. 287, 286",,N,2014-08-09T00:00:00.000+0200,1
45,V,"4,4-Dimethyl-1,3-oxazolidine",,,,51200-87-4,257-048-2,,33483,,,0.1%,,<empty> | <empty> | <empty> | <empty> | <empty> | <empty> | <empty>,,[],,,N,2009-12-22T00:00:00.000+0100,1
46,V,"N-(Hydroxymethyl)-N-(dihydroxymethyl-1,3-dioxo-2,5-imidazolidinyl-4)-N'-(hydroxymethyl)urea","N-(Hydroxymethyl)-N-(dihydroxymethyl-1,3-dioxo-2,5-imidazolidinyl-4)-N'-(hydroxymethyl)urea",,,78491-02-8,278-928-2,,33218,,,0.5%,,"<empty> | <empty> | <empty> | <empty> | <empty> | <empty> | <empty> | as a constituent of other substances, or in mixtures, in concentrations equal to, or greater than 0.1% by weight | <empty> | <empty> | <empty> | <empty>",,[],,,N,2009-12-22T00:00:00.000+0100,1
47,V,"Benzenecarboximidamide, 4,4'-(1,6-hexanediylbis(oxy))bis-, and its salts (including isothionate and p-hydroxybenzoate)",,,,3811-75-4 / 659-40-5 / 93841-83-9 / -,- / 211-533-5 / 299-055-3 / -,,34259 | 34260 | 34261 | 56372,,,0.1%,,"<empty> | <empty> | <empty> | <empty> | <empty> | <empty> | <empty> | as a constituent of other substances, or in mixtures, in concentrations equal to, or greater than 0.1% by weight | <empty> | <empty> | <empty> | <empty> | <empty> | <empty> | <empty> | <empty> | Shall not be placed on the market, or used, as substance or in mixtures in concentrations equal to ot greater than 0.1% by weight | <empty> | <empty> | <empty> | <empty> | Shall not be used as propellant in aerosols for any use. Aerosols dispenser containing the substance as propellant shall not be placed on the market | <empty> | <empty> | <empty> | <empty> | <empty> | <empty> | <empty> | <empty> | <empty> | <empty> | <empty> | <empty> | <empty> | <empty> | <empty> | <empty> | <empty>",,[],,,N,2009-12-22T00:00:00.000+0100,1
48,V,"Glutaraldehyde (Pentane-1,5-dial)",,,,111-30-8,203-856-5,,34020,,,0.1%,,<empty> | <empty> | <empty> | <empty>,,[],V (9) Only if the concentration exceeds 0.05%,,N,2009-12-22T00:00:00.000+0100,1
49,V,"5-Ethyl-3,7-dioxa-1-azabicyclo[3.3.0] octane","5-Ethyl-3,7-dioxa-1-azabicyclo[3.3.0] octane",,,7747-35-5,231-810-4,,31546,,,0.3%,,"<empty> | <empty> | <empty> | <empty> | <empty> | <empty> | <empty> | as a constituent of other substances, or in mixtures, in concentrations equal to, or greater than 0.1% by weight | <empty> | <empty> | <empty> | <empty> | <empty> | <empty> | <empty>",,[],,,N,2009-12-22T00:00:00.000+0100,1
50,V,"3-(p-Chlorophenoxy)-propane-1,2-diol",,chlorphenesin,,104-29-0,203-192-6,,32667,,,0.3%,,"<empty> | <empty> | <empty> | <empty> | <empty> | <empty> | <empty> | as a constituent of other substances, or in mixtures, in concentrations equal to, or greater than 0.1% by weight | <empty> | <empty> | <empty> | <empty> | <empty> | <empty> | <empty> | <empty> | Shall not be placed on the market, or used, as substance or in mixtures in concentrations equal to ot greater than 0.1% by weight | <empty> | <empty> | <empty> | <empty> | Shall not be used as propellant in aerosols for any use. Aerosols dispenser containing the substance as propellant shall not be placed on the market | <empty> | <empty> | <empty>",,[],,,N,2009-12-22T00:00:00.000+0100,1
51,V,Sodium hydroxymethylamino acetate,Sodium N-(hydroxymethyl)glycinate /Sodium hydroxymethylamino acetate,,,70161-44-3,274-357-8,,37892 | 100283,,,0.5%,,<empty> | <empty> | <empty> | <empty>,,[],,,N,2021-11-03T00:00:00.000+0100,1
52,V,Silver chloride deposited on titanium dioxide,,,,7783-90-6,232-033-3,,37704,,,0.004% (as AgCl),,"<empty> | <empty> | <empty> | <empty> | <empty> | <empty> | <empty> | as a constituent of other substances, or in mixtures, in concentrations equal to, or greater than 0.1% by weight | <empty> | <empty> | <empty> | <empty> | <empty> | <empty> | <empty> | <empty> | Shall not be placed on the market, or used, as substance or in mixtures in concentrations equal to ot greater than 0.1% by weight | <empty> | <empty> | <empty> | <empty> | Shall not be used as propellant in aerosols for any use. Aerosols dispenser containing the substance as propellant shall not be placed on the market | <empty> | <empty> | <empty>",,[],,,N,2009-12-22T00:00:00.000+0100,1
53,V,"Benzenemethanaminium, N,N-dimethyl-N-[2-[2-[4-(1,1,3,3,-tetramethylbutyl)phenoxy]ethoxy]ethyl]-, chloride",,,,121-54-0,204-479-9,,32132,,,0.1%,"a) Rinse-off products
b) Leave-on products other than oral products",<empty> | <empty> | <empty>,,[],,,N,2009-12-22T00:00:00.000+0100,1
54,V,"Benzalkonium chloride, bromide and saccharinate (10)",,,,8001-54-5/ 63449-41-2 / 91080-29-4 / 68989-01-5 / 68424-85-1 / 68391-01-5 / 61789-71-7 / 85409-22-9,264-151-6 / 293-522-5 / 273-545-7 / 270-325-2 / 269-919-4 / 263-080-8 / 287-089-1,,28316 | 32127 | 32129 | 32130 | 32509 | 32510 | 32955 | 34401 | 34872 | 34873 | 35430 | 35431 | 38237 | 38456 | 82131 | 82132 | 82133 | 82134 | 82135 | 82136 | 82137,,,0.1% (as benzalkonium chloride),,<empty> | <empty> | <empty> | <empty>,,[],"V (10) For use other than as a preservative, see Annex III, No. 65",,N,2009-12-22T00:00:00.000+0100,1
55,V,"Methanol, (phenylmethoxy)-",Benzyloxymethanol; benzyl hydroxyoxymethan,,,14548-60-8,238-588-8,,32161,,,0.15%,Rinse-off products,"<empty> | <empty> | <empty> | <empty> | <empty> | <empty> | <empty> | as a constituent of other substances, or in mixtures, in concentrations equal to, or greater than 0.1% by weight | <empty> | <empty> | <empty> | <empty> | <empty> | <empty> | <empty> | <empty> | Shall not be placed on the market, or used, as substance or in mixtures in concentrations equal to ot greater than 0.1% by weight | <empty> | <empty> | <empty> | <empty>",,[],,,N,2009-12-22T00:00:00.000+0100,1
56,V,3-Iodo-2-propynylbutylcarbamate,,,,55406-53-6,259-627-5,,34582,,,"a) 0.02%
b) 0.01%
c) 0.0075%","a) Rinse-off products
b) Leave-on products
c) Deodorants/antiperspirants","<empty> | <empty> | <empty> | <empty> | <empty> | <empty> | <empty> | as a constituent of other substances, or in mixtures, in concentrations equal to, or greater than 0.1% by weight | <empty> | <empty> | <empty> | <empty> | <empty> | <empty> | <empty> | <empty> | Shall not be placed on the market, or used, as substance or in mixtures in concentrations equal to ot greater than 0.1% by weight | <empty> | <empty> | <empty> | <empty> | Shall not be used as propellant in aerosols for any use. Aerosols dispenser containing the substance as propellant shall not be placed on the market | <empty> | <empty> | <empty> | <empty> | <empty> | <empty> | <empty> | <empty> | <empty> | <empty> | <empty> | <empty> | <empty> | <empty> | <empty> | <empty> | <empty> | <empty> | <empty> | <empty> | <empty> | <empty> | <empty> | <empty> | <empty> | <empty> | <empty> | <empty> | <empty>",,[],"V (13) Concerns any products aimed to be applied on a large part of the body. (11) Solely for products, other than bath products / shower gels and shampoo, which might be used for children under 3 years of age. (12) Solely for products which might be used for children under 3 years of age",,N,2009-12-22T00:00:00.000+0100,1
57,V,2-Methyl-2H-isothiazol-3-one,2-Methyl-2H-isothiazol-3-one,,,2682-20-4,220-239-6,,35341,,,"0,0015 % Rinse-off products",,<empty> | <empty> | <empty>,,[],,,N,2017-07-07T00:00:00.000+0200,1
58,V,Ethyl-N-alpha-dodecanoyl-L-arginate hydrochloride,Ethyl-N-alpha-dodecanoyl-L-arginate hydrochloride,,,60372-77-2,434-630-6,,,PRESERVATIVE,,"(a) 0,15 %

(b) 0,4 %","(a) Mouthwashes

(b) Other products","<empty> | <empty> | <empty> | <empty> | <empty> | <empty> | <empty> | as a constituent of other substances, or in mixtures, in concentrations equal to, or greater than 0.1% by weight | <empty> | <empty> | <empty> | <empty> | <empty> | <empty> | <empty> | <empty> | Shall not be placed on the market, or used, as substance or in mixtures in concentrations equal to ot greater than 0.1% by weight | <empty> | <empty> | <empty> | <empty> | Shall not be used as propellant in aerosols for any use. Aerosols dispenser containing the substance as propellant shall not be placed on the market | <empty> | <empty> | <empty> | <empty> | <empty> | <empty> | <empty> | <empty> | <empty> | <empty> | <empty> | <empty> | <empty> | <empty> | <empty> | <empty> | <empty> | <empty> | <empty> | <empty> | <empty> | <empty> | <empty> | <empty> | <empty> | <empty> | <empty> | <empty> | <empty> | <empty> | <empty> | <empty> | <empty> | <empty> | <empty> | <empty> | <empty> | <empty> | <empty> | <empty> | <empty> | <empty> | <empty>",,[],14 - For other uses than perservatives - see Annex III entry No 197,,N,2016-07-12T00:00:00.000+0200,1
59,V,"1,2,3-Propanetricarboxylic acid, 2-hydroxy-, monohydrate and 1,2,3-Propanetricarboxylic acid, 2-hydroxy-silver(1+) salt, monohydrate","1,2,3-Propanetricarboxylic acid, 2-hydroxy-, monohydrate and 1,2,3-Propanetricarboxylic acid, 2-hydroxy-silver(1+) salt, monohydrate",,,5949-29-1; 77-92-9; 36701-38-9,460-890-5,,32858 | 82665,,,"0,2% corresponding to 0,0024% of silver",,"<empty> | <empty> | <empty> | <empty> | <empty> | <empty> | <empty> | as a constituent of other substances, or in mixtures, in concentrations equal to, or greater than 0.1% by weight | <empty> | <empty> | <empty> | <empty> | <empty> | <empty> | <empty> | <empty> | Shall not be placed on the market, or used, as substance or in mixtures in concentrations equal to ot greater than 0.1% by weight | <empty> | <empty> | <empty> | <empty> | Shall not be used as propellant in aerosols for any use. Aerosols dispenser containing the substance as propellant shall not be placed on the market | <empty> | <empty> | <empty> | <empty> | <empty> | <empty> | <empty> | <empty> | <empty> | <empty> | <empty> | <empty> | <empty> | <empty> | <empty> | <empty> | <empty> | <empty> | <empty> | <empty> | <empty> | <empty> | <empty> | <empty> | <empty> | <empty> | <empty> | <empty> | <empty> | <empty> | <empty> | <empty> | <empty> | <empty> | <empty> | <empty> | <empty> | <empty> | <empty> | <empty> | <empty> | <empty> | <empty>",,[],,,N,2014-08-09T00:00:00.000+0200,1
60,V,4-(3-ethoxy-4-hy­droxyphenyl)bu­tan-2-one,4-(3-ethoxy-4-hy­droxyphenyl)bu­tan-2-one,,,569646-79-3,933-435-8,,,,,0.7 %,"Allowed for use as a  preservative in rinse off, oral care and leave-on cosmetic products at a  maximum concentration of 0,7 % in ready for use preparation.","<empty> | <empty> | <empty> | <empty> | <empty> | <empty> | <empty> | as a constituent of other substances, or in mixtures, in concentrations equal to, or greater than 0.1% by weight | <empty> | <empty> | <empty> | <empty> | <empty> | <empty> | <empty> | <empty> | Shall not be placed on the market, or used, as substance or in mixtures in concentrations equal to ot greater than 0.1% by weight | <empty> | <empty> | <empty> | <empty> | Shall not be used as propellant in aerosols for any use. Aerosols dispenser containing the substance as propellant shall not be placed on the market | <empty> | <empty> | <empty> | <empty> | <empty> | <empty> | <empty> | <empty> | <empty> | <empty> | <empty> | <empty> | <empty> | <empty> | <empty> | <empty> | <empty> | <empty> | <empty> | <empty> | <empty> | <empty> | <empty> | <empty> | <empty> | <empty> | <empty> | <empty> | <empty> | <empty> | <empty> | <empty> | <empty> | <empty> | <empty> | <empty> | <empty> | <empty> | <empty> | <empty> | <empty> | <empty> | <empty> | <empty> | <empty>",,[],,,N,2019-11-07T00:00:00.000+0100,1
61,V,Silver zinc zeolite,,,,130328-20-0,603-404-0,,54602,,,(a) and (b) 1 %,"(a) Deodorant spray
(b) Powder foundation",,,[],,,N,2026-04-28T00:00:00.000+0200,1
61,V,Silver zinc zeolite,,,,130328-20-0,603-404-0,,54602,,,(a) and (b) 1 %,"(a) Deodorant spray
(b) Powder foundation",,,[],,,N,2026-04-28T00:00:00.000+0200,1
