substanceId,inciName,innName,phEurName,casNo,ecNo,chemicalDescription,chemicalName,functionName,status,cosmeticRestriction,otherRestrictions,otherRegulations,relatedRegulations,maximumConcentration,productTypeBodyParts,wordingOfConditions,sccsOpinion,note,perfuming,annexNo,officialJournalPublication,currentVersion
60000,VACCINIUM ANGUSTIFOLIUM SEED,,,-,-,"Vaccinium Angustifolium Seed is the seeds obtained from the Blueberry, Vaccinium angustifolium, Ericaceae",,ABRASIVE,Active,,ban substances that deplete the ozone layer,,,,,,,,N,,Y,1
60001,VACCINIUM CORYMBOSUM FRUIT,,,-,-,"Vaccinium Corymbosum (Blueberry) Fruit is the fruit of the Blueberry, Vaccinium corymbosum L., Ericaceae",,SKIN CONDITIONING,Active,,ban substances that deplete the ozone layer,,,,,,,,N,,Y,1
60002,VACCINIUM MACROCARPON FRUIT,,,91770-88-6,294-875-8,"Vaccinium Macrocarpon Fruit is the fruit of the Cranberry, Vaccinium macrocarpon, Ericaceae",,SKIN CONDITIONING,Active,,ban substances that deplete the ozone layer,,,,,,,,N,,Y,1
60003,VACCINIUM MACROCARPON FRUIT EXTRACT,,,91770-88-6,294-875-8,"Vaccinium Macrocarpon Extract is an extract of the fruit of the Cranberry, Vaccinium macrocarpon, Ericaceae",,ASTRINGENT,Active,,,,,,,,,,N,,Y,1
60004,VACCINIUM MACROCARPON FRUIT JUICE,,,91770-88-6,294-875-8,"Vaccinium Macrocarpon Fruit Juice is the juice expressed from the fruit of the Cranberry, Vaccinium macrocarpon, Ericaceae",,SKIN CONDITIONING,Active,,,,,,,,,,N,,Y,1
60005,VACCINIUM MACROCARPON SEED,,,91770-88-6,294-875-8,"Vaccinium Macrocarpon Seed is the seed obtained from the Cranberry, Vaccinium macrocarpon, Ericaceae",,ABRASIVE,Active,,,,,,,,,,N,,Y,1
60006,VACCINIUM MACROCARPON SEED OIL,,,91770-88-6,294-875-8,"Vaccinium Macrocarpon Seed Oil is the fixed oil expressed from the seeds of the Cranberry, Vaccinium macrocarpon, Ericaceae",,SKIN CONDITIONING,Active,,,,,,,,,,N,,Y,1
60007,SYRINGA OBLATA BARK/LEAF POWDER,,,,,"Syringa Oblata Bark/Leaf Powder is the powder obtained from the dried, ground bark and leaves of the Syringa oblata, Oleaceae",,ABRASIVE | HUMECTANT | FRAGRANCE | SKIN CONDITIONING | SKIN PROTECTING,Active,,ban substances that deplete the ozone layer,,,,,,,,N,,Y,1
60008,SYZYGIUM JAMBOS LEAF EXTRACT,,,97766-45-5,307-907-3,"Syzygium Jambos Leaf Extract is an extract of the leaves of the Syzygium jambos, Myrtaceae",,SKIN CONDITIONING,Active,,ban substances that deplete the ozone layer,,,,,,,,N,,Y,1
60009,SYZYGIUM LUEHMANNII FRUIT EXTRACT,,,,,"Syzygium Leuhmannii Fruit Extract is an extract of the fruit of the Syzygium leuhmanii, Myrteceae.",,ANTIOXIDANT | HAIR CONDITIONING | HUMECTANT | SKIN CONDITIONING,Active,,,,,,,,,,N,,Y,1
60010,SYZYGIUM POLYANTHUM LEAF POWDER,,,-,-,"Syzygium Polyanthum Leaf Powder is the powder obtained from the dried, ground leaves of the Syzygium polyanthum, Myrtaceae",,FRAGRANCE,Active,,ban substances that deplete the ozone layer,,,,,,,,N,,Y,1
60011,TABEBUIA AVELLANEDAE BARK EXTRACT,,,,,"Tabebuia Avellanedae Bark Extract is an extract of the bark of the Tabebuia avellanedae, Bignoniaceae",,HUMECTANT | SKIN CONDITIONING,Active,,,,,,,,,,N,,Y,1
60013,TALLAMIDOPROPYL DIMETHYLAMINE,,,68650-79-3,272-047-7,"Amides, tall-oil fatty, N-[3-(dimethylamino)propyl]-",,ANTISTATIC,Active,,ban substances that deplete the ozone layer,,,,,,,,N,,Y,1
60014,TALLOWETH-18,,,61791-28-4 (generic),,Polyethylene Glycol (18) Tallow Ether,,SURFACTANT - EMULSIFYING | SURFACTANT - CLEANSING,Active,,ban substances that deplete the ozone layer,,,,,,,,N,,Y,1
60015,VACCINIUM MACROCARPON SEED POWDER,,,91770-88-6,294-875-8,"Vaccinium Macrocarpon Seed Powder is the powder obtained from the dried, ground seeds of the Cranberry, Vaccinium macrocarpon, Ericaceae",,ABRASIVE,Active,,ban substances that deplete the ozone layer,,,,,,,,N,,Y,1
60016,VACCINIUM MYRTILLUS BUD EXTRACT,,,84082-34-8,281-983-5,"Vaccinium Myrtillus Bud Extract is an extract of the buds of the Myrtle, Vaccinium myrtillus L., Ericaceae",,ANTIOXIDANT,Active,,ban substances that deplete the ozone layer,,,,,,,,N,,Y,1
60017,VACCINIUM MYRTILLUS FRUIT EXTRACT,,,84082-34-8,281-983-5,"Vaccinium Myrtillus Fruit Extract is the extract of the fruit of Vaccinium myrtillus, Ericaceae.",,SKIN CONDITIONING - MISCELLANEOUS,Active,,,,,,,,,,N,,Y,1
60018,VACCINIUM MYRTILLUS FRUIT/LEAF EXTRACT,,,84082-34-8,281-983-5,"Vaccinium Myrtillus Extract is an extract of the fruit and leaves of the Myrtle, Vaccinium myrtillus L., Ericaceae",,ASTRINGENT | REFRESHING | SKIN CONDITIONING | TONIC,Active,,,,,,,,,,N,,Y,1
60019,VACCINIUM MYRTILLUS LEAF EXTRACT,,,84082-34-8,281-983-5,"Vaccinium Myrtillus Leaf Extract is the extract of the leaves of  Vaccinium myrtillus, Ericaceae.",,ASTRINGENT | HAIR CONDITIONING | NAIL CONDITIONING | SKIN CONDITIONING,Active,,,,,,,,,,N,,Y,1
60020,VACCINIUM MYRTILLUS SEED OIL,,,84082-34-8,281-983-5,"Vaccinium Myrtillus Seed Oil is the oil expressed from the seeds of the Myrtle, Vaccinium myrtillus L., Ericaceae",,SKIN CONDITIONING,Active,,,,,,,,,,N,,Y,1
60021,VACCINIUM MYRTILLUS STEM EXTRACT,,,84082-34-8,281-983-5,"Vaccinium Myrtillus Stem Extract is an extract of the stems of the Myrtle, Vaccinium myrtillus L., Ericaceae",,ANTIOXIDANT | ASTRINGENT,Active,,,,,,,,,,N,,Y,1
60022,VACCINIUM VIRGATUM FRUIT JUICE,,,-,-,"Vaccinium Virgatum Fruit Juice is the juice expressed from the Blueberry, Vaccinium virgatum, Ericaceae",,HUMECTANT | SKIN CONDITIONING,Active,,,,,,,,,,N,,Y,1
60023,VACCINIUM VITIS-IDAEA FRUIT EXTRACT,,,90131-85-4,290-400-3,"Vaccinium Vitis-Idaea Fruit Extract is an extract of the fruit of the Cowberry, Vaccinium vitis-idaea L., Ericaceae",,ANTIOXIDANT,Active,,,,,,,,,,N,,Y,1
60024,VACCINIUM VITIS-IDAEA FRUIT JUICE,,,90131-85-4,290-400-3,"Vaccinium Vitis-Idaea Fruit Juice is the juice expressed from the fruit of the Cowberry, Vaccinium vitis-idaea L., Ericaceae",,SKIN CONDITIONING,Active,,ban substances that deplete the ozone layer,,,,,,,,N,,Y,1
60025,VACCINIUM VITIS-IDAEA LEAF EXTRACT,,,90131-85-4,290-400-3,"Vaccinium Vitis-Idaea Leaf Extract is an extract of the leaves of the Cowberry, Vaccinium vitis-idaea L., Ericaceae",,ASTRINGENT | SKIN CONDITIONING | TONIC,Active,,ban substances that deplete the ozone layer,,,,,,,,N,,Y,1
60026,VACCINIUM VITIS-IDAEA LEAF PROTOPLASTS,,,90131-85-4,290-400-3,"Vaccinium Vitis-Idaea Leaf Extract is an extract of the leaves of the Cowberry, Vaccinium vitis-idaea L., Ericaceae",,ANTIOXIDANT | HUMECTANT | SKIN CONDITIONING,Active,,ban substances that deplete the ozone layer,,,,,,,,N,,Y,1
60027,VACCINIUM VITIS-IDAEA SEED OIL,,,90131-85-4,290-400-3,"Vaccinium Vitis-Idaea Seed Oil is the oil expressed from the seeds of the Cowberry, Vaccinium vitis-idaea L., Ericaceae",,ANTIOXIDANT | SKIN CONDITIONING - EMOLLIENT | SKIN CONDITIONING | SKIN PROTECTING,Active,,,,,,,,,,N,,Y,1
60028,VALERIANA CELTICA EXTRACT,,,90131-86-5,290-401-9,"Valeriana Celtica Extract is an extract of the Valerian, Valeriana celtica L., Valeriabaceae",,SKIN CONDITIONING,Active,,,,,,,,,,N,,Y,1
60029,VALERIANA FAURIEI ROOT EXTRACT,,,94167-13-2,303-412-1,"Valeriana Fauriei Root Extract is an extract of the rhizomes of the Valerian, Valeriana fauriei, Valerianaceae",,SKIN CONDITIONING,Active,,,,,,,,,,N,,Y,1
60030,VALERIANA OFFICINALIS RHIZOME/ROOT EXTRACT,,,8057-49-6,232-501-7,"Valeriana Officinalis Rhizome/Root Extract is an extract of the rhizomes and roots of the Valerian, Valeriana officinalis L., Valerianaceae",,FRAGRANCE | SKIN CONDITIONING | SOOTHING,Active,,ban substances that deplete the ozone layer,,,,,,,,N,,Y,1
60032,VALERIANA WALLICHII ROOT EXTRACT,,,90131-89-8,290-405-0,"Valeriana Wallichii Root Extract is an extract of the roots of Valeriana wallichii, Valerianaceae",,SKIN CONDITIONING,Active,,ban substances that deplete the ozone layer,,,,,,,,N,,Y,1
60034,VANILLA PLANIFOLIA FRUIT,,,8024-06-4 / 84650-63-5,- / 283-521-8,"Vanilla Planifolia Fruit is a plant material derived from cured, full-grown unripe fruit of the Vanilla, Vanilla planifolia, Orchidaceae",,FRAGRANCE | SKIN PROTECTING | SMOOTHING,Active,,,,,,,,,,N,,Y,1
60035,VANILLA PLANIFOLIA FRUIT EXTRACT,,,8024-06-4 / 84650-63-5,- / 283-521-8,"Vanilla Planifolia Fruit Extract is an extract of the fruit of the Vanilla, Vanilla planifolia, Orchidaceae",,SKIN CONDITIONING | SKIN PROTECTING | SMOOTHING,Active,,ban substances that deplete the ozone layer,,,,,,,,N,,Y,1
60036,VANILLA PLANIFOLIA FRUIT OIL,,,8024-06-4 / 84650-63-5,- / 283-521-8,"Vanilla Planifolia Fruit Oil is the oil expressed from the fruit of the Vanilla, Vanilla planifolia, Orchidaceae",,SKIN CONDITIONING - EMOLLIENT | SKIN CONDITIONING,Active,,,,,,,,,,N,,Y,1
60037,VANILLA PLANIFOLIA SEED,,,8024-06-4 / 84650-63-5,- / 283-521-8,"Vanilla Planifolia Seed is the seeds of the Vanilla, Vanilla planifolia, Orchidaceae",,SKIN CONDITIONING,Active,,,,,,,,,,N,,Y,1
60038,VANILLA PLANIFOLIA SEED POWDER,,,8024-06-4 / 84650-63-5,- / 283-521-8,"Vanilla Planifolia Seed Powder is the powder obtained from the dried, ground seeds of the Vanilla, Vanilla planifolia, Orchidaceae",,ABRASIVE,Active,,,,,,,,,,N,,Y,1
60039,VANILLA TAHITENSIS FRUIT,,,94167-14-3 / 8024-06-4,303-413-7 / -,"Vanilla Tahitensis Fruit is a plant material derived from the cured, full-grown, unripe fruit (bean) of the Vanilla, Vanilla tahitensis, Orchidaceae",,FRAGRANCE,Active,,,,,,,,,,N,,Y,1
60040,VANILLA TAHITENSIS FRUIT EXTRACT,,,94167-14-3,303-413-7,"Vanilla Tahitensis Extract is an extract of the fruit of the Vanilla, Vanilla tahitensis, Orchidaceae",,SKIN CONDITIONING,Active,,,,,,,,,,N,,Y,1
60041,VANILLYL BUTYL ETHER,,,82654-98-6,,,"Phenol, 4-(Butoxymethyl)-2-Methoxy-",HAIR CONDITIONING | FRAGRANCE | ORAL CARE | SKIN CONDITIONING,Active,,,,,,,,,,N,,Y,1
60042,VATERIA INDICA SEED BUTTER,,,,,"Vateria Indica Seed Butter is the fat obtained from the seeds of the Indian Copal, Vateria Indica L., Dipterocarpaceae",,SKIN CONDITIONING,Active,,,,,,,,,,N,,Y,1
60043,VEGETABLE AMINO ACIDS,,,,,Vegetable Amino Acids are the amino acids obtained by the complete hydrolysis of Hydrolized Vegetable Protein (q.v.),,SKIN CONDITIONING,Active,,ban substances that deplete the ozone layer,,,,,,,,N,,Y,1
60044,VELVET EXTRACT,,,,,"Velvet Extract is an extract of the velvet of the Red Deer, Cervus Elaphus",,HUMECTANT | SKIN CONDITIONING,Active,,ban substances that deplete the ozone layer,,,,,,,,N,,Y,1
60045,VERBASCUM THAPSUS,,,90064-13-4,290-074-2,"Verbascum Thapsus is the dried, cut herb Mullein, Verbascum thapsus L., Scrophulariaceae",,SKIN CONDITIONING,Active,,,,,,,,,,N,,Y,1
60046,VERBENA OFFICINALIS FLOWER WATER,,,84961-67-1,284-657-0,"Verbena Officinalis Flower Water is an aqueous solution of the steam distillate obtained from the flowers of the Verbena, Verbena officinalis L., Verbenaceae",,SKIN CONDITIONING,Active,,,,,,,,,,N,,Y,1
60047,VERBENA OFFICINALIS LEAF EXTRACT,,,84961-67-1,284-657-0,"Verbena Officinalis Leaf Extract is an extract of the leaves of the Verbena, Verbena officinalis L., Verbenaceae",,FRAGRANCE | SKIN CONDITIONING,Active,,,,,,,,,,N,,Y,1
60048,VERMICULITE EXTRACT,,,1318-00-9,,Vermiculite Extract is an extract of Vermiculite,,HAIR CONDITIONING | HUMECTANT | SKIN CONDITIONING,Active,,,,,,,,,,N,,Y,1
60049,VERONICA AMERICANA FLOWER/LEAF/STEM EXTRACT,,,,,"Veronica Americana Flower/Leaf/Stem Extract is an extract obtained from the flower, leaves and stems of the Veronica americana, Scrophulariaceae",,SKIN CONDITIONING,Active,,ban substances that deplete the ozone layer,,,,,,,,N,,Y,1
60050,VERONICA OFFICINALIS FLOWER/LEAF/STEM EXTRACT,,,85117-19-7,285-571-6,"Veronica Officinalis Flower/Leaf/Stem Extract is the extract of the flowers, leaves and stems of the Fluellen, Veronica officinalis L., Scrophulariaceae",,ASTRINGENT | SKIN CONDITIONING,Active,,,,,,,,,,N,,Y,1
60052,TALLOWETH-4,,,61791-28-4 (generic),,Polyethylene Glycol (4) Tallow Ether,,SURFACTANT - EMULSIFYING | SURFACTANT - CLEANSING,Active,,ban substances that deplete the ozone layer,,,,,,,,N,,Y,1
60053,TALLOWETH-5,,,61791-28-4 (generic),,Polyethylene Glycol (5) Tallow Ether,,SURFACTANT - EMULSIFYING | SURFACTANT - CLEANSING,Active,,ban substances that deplete the ozone layer,,,,,,,,N,,Y,1
60054,TALLOWETH-7,,,61791-28-4 (generic),-,"Tallow alcohols, ethoxylated (7 mol EO average molar ratio)",,SURFACTANT - EMULSIFYING | SURFACTANT - CLEANSING,Active,,ban substances that deplete the ozone layer,,,,,,,,N,,Y,1
60055,TAMARINDUS INDICA FRUIT EXTRACT,,,84961-62-6,284-651-8,"Tamarindus Indica Fruit Extract is an extract of the fruit of the Tamarind, Tamarindus indica L., Fabaceae",,SKIN CONDITIONING,Active,,,,,,,,,,N,,Y,1
60056,TAMARINDUS INDICA FRUIT JUICE,,,84961-62-6,284-651-8,"Tamarindus Indica Fruit Juice is the juice expressed from the fruit of the Tamarind, Tamarindus indica L., Leguminosae",,FRAGRANCE,Active,,,,,,,,,,N,,Y,1
60057,TAMARINDUS INDICA HYDROXYPROPYLTRIMONIUM CHLORIDE,,,-,-,Tamarindus Indica Hydroxypropyltrimonium Chloride,,ANTISTATIC | HAIR CONDITIONING | SKIN CONDITIONING,Active,,,,,,,,,,N,,Y,1
60058,TAMARINDUS INDICA LEAF EXTRACT,,,84961-62-6,284-651-8,"Tamarindus Indica Leaf Extract is an extract of the leaves of the Tamarind, Tamarindus indica L., Leguminosae",,SKIN CONDITIONING,Active,,,,,,,,,,N,,Y,1
60059,TAMARINDUS INDICA SEED EXTRACT,,,84961-62-6,284-651-8,"Tamarindus Indica Seed Extract is an extract of the seeds of the Tamarind, Tamarindus indica L., Leguminosae",,SKIN CONDITIONING - EMOLLIENT | HUMECTANT | SKIN CONDITIONING,Active,,ban substances that deplete the ozone layer,,,,,,,,N,,Y,1
60060,TAMARINDUS INDICA SEED GUM,,,84961-62-6,284-651-8,"Tamarindus Indica Seed Gum is the gum obtained from the seeds of the Tamarind, Tamarindus indica L., Leguminosae",,EMULSION STABILISING | VISCOSITY CONTROLLING,Active,,ban substances that deplete the ozone layer,,,,,,,,N,,Y,1
60061,TAMARINDUS INDICA SEED POLYSACCHARIDE,,,39386-78-2,254-442-6,"Tamarindus Indica Seed Polysaccharide is the polysaccharide fraction derived from the seed of the Tamarind, Tamarindus indica L., Leguminosae",,SKIN CONDITIONING,Active,,,,,,,,,,N,,Y,1
60062,TAMARIX CHINENSIS FLOWER/LEAF EXTRACT,,,90131-44-5,290-354-4,"Tamarix Chinensis Flower/Leaf Extract is an extract of the flowers and leaves of the Chinese Tamarisk, Tamarix chinensis, Tamaricaceae",,HUMECTANT | SKIN CONDITIONING,Active,,,,,,,,,,N,,Y,1
60063,TAMBOURISSA TRICHOPHYLLA BARK EXTRACT,,,342806-97-7,,"Tambourissa Trichophylla Bark Extract is an extract of the bark of the Tambourissa trichophylla, Monimiaceae",,SKIN CONDITIONING,Active,,,,,,,,,,N,,Y,1
60064,TANACETUM CINERARIIFOLIUM FLOWER EXTRACT,,,89997-63-7,289-699-3,"Tanacetum Cinerariifolium Flower Extract is an extract of the flowers of the Pyrethrum, Tanacetum cinerariifolium, Asteraceae",,FRAGRANCE,Active,,,,,,,,,,N,,Y,1
60065,TANACETUM CINERARIIFOLIUM ROOT EXTRACT,,,89997-63-7,289-699-3,"Tanacetum Cinerariifolium Root Extract is an extract of the roots of the Pyrethrum, Tanacetum cinerariifolium, Asteraceae",,FRAGRANCE,Active,,,,,,,,,,N,,Y,1
60066,TANAKURA CLAY,,,,,Tanakura Clay is a native clay obtained from the Tanakura region in Japan,,ABSORBENT | BINDING | BULKING,Active,,,,,,,,,,N,,Y,1
60067,TAPIOCA STARCH,,,9005-25-8,232-679-6,Tapioca Starch is the starch obtained from tapioca. It consists primarily of amylose and amylopectin,,VISCOSITY CONTROLLING,Active,,,,,,,,,,N,,Y,1
60068,TAR OIL,,,8002-29-7,232-306-1,"Tar oil is a volatile oil distilled from wood tar, generally from the family Pinaceae",,FRAGRANCE,Active,,,,,,,,,,N,,Y,1
60069,TARAKTOGENOS KURZII SEED OIL,,,8001-74-9,*616-787-4,"Taraktogenos Kurzii Oil is a fixed oil expressed from the seeds of Taraktogenos kurzii, Flacourtiaceae. It consists primarily of the glycerides of the fatty acids",,SKIN CONDITIONING,Active,,ban substances that deplete the ozone layer,,,,,,,"I *: Substances without an EC number, but with a CAS number is preceded by a *",N,,Y,1
60070,TARCHONANTHUS CAMPHORATUS OIL,,,,,Tarchonanthus Camphoratus Oil is the volatile oil obtained from Tarchonanthus Camphoratus,,FRAGRANCE | SKIN CONDITIONING,Active,,,,,,,,,,N,,Y,1
60071,TARCHONANTHUS CAMPHORATUS WATER,,,,,Tarchonanthus Camphoratus Water is an aqueous solution of the steam distillate obtained from the plant Tarchonanthus Camphoratus,,FRAGRANCE,Active,,,,,,,,,,N,,Y,1
60072,TAXUS CUSPIDATA LEAF EXTRACT,,,-,-,"Taxus Cuspidata Leaf Extract is an extract of the leaves of the Taxus cuspidata, Taxaceae",,SKIN CONDITIONING,Active,,ban substances that deplete the ozone layer,,,,,,,,N,,Y,1
60073,TBHQ,,,1948-33-0,217-752-2,,"1,4-Benzenediol, 2-(1,1-Dimethylethyl)-; 2-tert-Butyl-1,4-dihydroxybenzene; tert-Butyl hydroquinone",ANTIOXIDANT | FRAGRANCE | PERFUMING,Active,,ban substances that deplete the ozone layer,,,,,,,,N,,Y,1
60074,T-BUTYL ACETATE,,,540-88-5,208-760-7,,"1,1-Dimethylethyl acetate",SOLVENT,Active,,ban substances that deplete the ozone layer,,,,,,,,N,,Y,1
60075,T-BUTYL METHACRYLATE,,,585-07-9,209-548-7,,"2-Propenoic Acid, 2-Methyl-, 1,1- Dimethylethyl Ester",FILM FORMING,Active,,ban substances that deplete the ozone layer,,,,,,,,N,,Y,1
60076,T-BUTYL METHYLPHENOXY PHENOL,,,307000-42-6,-,,"4-[2-(1,1- Dimethylethyl)-5-methylphenoxy]phenol",DEODORANT,Active,,,,,,,,,,N,,Y,1
60077,T-BUTYLBENZAMIDO HYDROXYLBENZAMIDE,,,,,,"4-(4-(1,1-Dimethylethyl)benzamido)benzenecarbohydroxamic acid",ANTIOXIDANT | SKIN PROTECTING,Active,,ban substances that deplete the ozone layer,,,,,,,,N,,Y,1
60078,T-BUTYLBENZAMIDO HYDROXYLPHENYLACETAMIDE,,,,,,"4-(4-(1,1-Dimethylethyl)benzamido)phenylacetohydroxamic acid",ANTIOXIDANT | SKIN PROTECTING,Active,,ban substances that deplete the ozone layer,,,,,,,,N,,Y,1
60079,T-BUTYLBENZAMIDO METHYLHYDROXYLBENZAMIDE,,,,,,"N-Methyl-4-(4-(1,1-dimethylethyl)benzamido)benzenecarbohydroxamic acid",ANTIOXIDANT | SKIN PROTECTING,Active,,,,,,,,,,N,,Y,1
60080,TDI OXIDIZED MICROCRYSTALLINE CERA,,,,,TDI Oxidized Microcrystalline Wax is oxidized microcrystalline wax (q.v.) reacted with toluene diisocyanate,,VISCOSITY CONTROLLING,Active,,,,,,,,,,N,,Y,1
60081,TDI/TRIMELLITIC ANHYDRIDE COPOLYMER,,,,,TDIi/Trimellitic Anhydride Copolymer is a copolymer of toluene diisocyanate and trimellitic anhydride monomers,,BINDING,Active,,,,,,,,,,N,,Y,1
60082,TEA-ACRYLATES/ETHYLHEXYL ACRYLATE COPOLYMER,,,,,"TEA-Acrylates/Ethylhexyl Acrylate Copolymer is a copolymer of ethylhexyl acrylate and triethanolamine salt of one or more monomers consisting of acrylic acid, methacrylic acid, or one of their simple esters",,FILM FORMING,Active,III/62,,,,,,,,,N,,Y,1
60083,TEA-ALGINATE,,,,,"Alginic acid, triethanolamine salt",,BINDING | EMULSION STABILISING | VISCOSITY CONTROLLING,Active,III/62,ban substances that deplete the ozone layer,,,,,,,,N,,Y,1
60084,TEA-C11-15 ALKYL SULFATE,,,,,TEA-C11-15 Alkyl Sulfate is the triethanolamine salt of the sulfate ester of a mixture of synthetic C11-15 fatty alcohols,,CLEANSING | SURFACTANT - CLEANSING,Active,III/62,,,,,,,,,N,,Y,1
60085,VIBURNUM OPULUS BARK EXTRACT,,,90131-98-9,290-415-5,"Viburnum Opulus Bark Extract is an extract of the bark of the Viburnum opulus L., Caprifoliaceae",,ASTRINGENT | SKIN CONDITIONING,Active,,,,,,,,,,N,,Y,1
60087,VICIA FABA SEED EXTRACT,,,89958-06-5,289-628-6,"Vicia Faba Extract is an extract of the seeds of the Faba Bean, Vicia faba L., Leguminosae",,SKIN CONDITIONING,Active,,ban substances that deplete the ozone layer,,,,,,,,N,,Y,1
60088,VICIA SATIVA SYMBIOSOME EXTRACT,,,96508-08-6,306-189-9,"Vicia Sativa Symbiosome Extract is an extract of the symbiosome (root nodule) of the Vicia sativa L., Fabaceae",,ANTIOXIDANT | SKIN CONDITIONING,Active,,ban substances that deplete the ozone layer,,,,,,,,N,,Y,1
60089,VIGNA ACONITIFOLIA SEED EXTRACT,,,,,"Vigna Aconitifolia Seed Extract is an extract of the seeds of the Vigna aconitifolia, Leguminosae",,SKIN CONDITIONING,Active,,ban substances that deplete the ozone layer,,,,,,,,N,,Y,1
60090,VIGNA RADIATA SEED EXTRACT,,,,,"Vigna Radiata Seed Extract is an extract of the seeds of the Vigna radiata (L.), Leguminosae",,SKIN CONDITIONING,Active,,ban substances that deplete the ozone layer,,,,,,,,N,,Y,1
60091,VINCA MINOR LEAF EXTRACT,,,84012-41-9,281-686-0,"Vinca Minor Leaf Extract is the extract obtained from the leaves of the Periwinkle, Vinca minor L., Apocynaceae",,SKIN CONDITIONING,Active,,,,,,,,,,N,,Y,1
60092,VINYL BUTETH-25/SODIUM MALEATE COPOLYMER,,,,,Vinyl Buteth-25/Sodium Maleate Copolymer,,SURFACTANT - CLEANSING,Active,,,,,,,,,,N,,Y,1
60093,VINYL CHLORIDE/VINYL LAURATE COPOLYMER,,,,,Poly(vinyl chloride-co-vinyl laurate),,FILM FORMING,Active,,,,,,,,,,N,,Y,1
60094,VINYL DIMETHICONE/LAURYL DIMETHICONE CROSSPOLYMER,,,-,-,Vinyl Dimethicone/Lauryl Dimethicone Crosspolymer is Lauryl Dimethicone crosslinked with divinyl dimethicone,,SURFACTANT - CLEANSING | VISCOSITY CONTROLLING,Active,,,,,,,,,,N,,Y,1
60095,VINYL DIMETHICONE/METHICONE SILSESQUIOXANE CROSSPOLYMER,,,,,Vinyl Dimethicone/Methicone Silsesquioxane Crosspolymer,,VISCOSITY CONTROLLING,Active,,,,,,,,,,N,,Y,1
60097,VINYLAMINE/VINYL ALCOHOL COPOLYMER,,,29499-22-7,,"Ethenol, polymer with ethenamine",,FILM FORMING | HAIR FIXING,Active,,,,,,,,,,N,,Y,1
60098,VIOLA ODORATA FLOWER/LEAF EXTRACT,,,90147-36-7,290-427-0,"Viola Odorata Extract is an extract of the flowers and leaves of the Sweet Violet, Viola odorata L., Violaceae",,FRAGRANCE | SKIN CONDITIONING | TONIC,Active,,,,,,,,,,N,,Y,1
60099,VIOLA ODORATA LEAF CERA,,,90147-36-7,290-427-0,"Viola Odorata Leaf Cera is the wax obtained from the leaves of Sweet Violet, Viola odorata L., Violaceae",,FRAGRANCE,Active,,,,,,,,,,N,,Y,1
60100,VIOLA PRIONANTHA POWDER,,,,,"Viola Prionantha Powder is the powder obtained from the dried, ground Grass, Viola prionantha, Violaceae",,ABRASIVE | FRAGRANCE | SKIN PROTECTING,Active,,,,,,,,,,N,,Y,1
60101,VIOLA TRICOLOR FLOWER JUICE,,,84012-42-0,281-687-6,"Viola Tricolor Flower Juice is the juice expressed from the flowers of the Pansy, Viola tricolor L., Violaceae",,SKIN CONDITIONING,Active,,,,,,,,,,N,,Y,1
60102,VIOLA TRICOLOR FLOWER/LEAF/STEM WATER,,,84012-42-0,281-687-6,"Viola Tricolor Flower/Leaf/Stem Water is an aqueous solution of the steam distillate obtained from the flowers, leaves and stems of the Pansy, Viola tricolor L., Violaceae",,FRAGRANCE,Active,,,,,,,,,,N,,Y,1
60103,VIROLA SEBIFERA NUT OIL,,,,,Virola Sebifera Nut Oil is the fixed oil obtained from the nut of Virola Sebifera,,SKIN CONDITIONING - EMOLLIENT | HUMECTANT | SKIN CONDITIONING,Active,,ban substances that deplete the ozone layer,,,,,,,,N,,Y,1
60104,VISCUM ALBUM FRUIT EXTRACT,,,8031-76-3 / 84929-55-5,- / 284-538-3,"Viscum Album Fruit Extract is an extract of the berries of the Mistletoe, Viscum album L., Loranthaceae",,SOOTHING,Active,,ban substances that deplete the ozone layer,,,,,,,,N,,Y,1
60105,VISNADINE,,,477-32-7,207-515-1,,"Butanoic acid, 2-methyl-, (9R,10R)-10-(acetyloxy)-9,10-dihydro-8,8-dimethyl-2-oxo-2H,8H-benzo[1,2-b:3,4-b']dipyran-9-yl ester, (2R)-",SKIN CONDITIONING,Active,,,,,,,,,,N,,Y,1
60106,VISNAGA VERA FRUIT/STEM EXTRACT,,,84695-96-5,283-616-4,"Visnaga Vera Fruit/Stem Extract is an extract of the fruit and stems of the Visnaga vera, Apiaceae, (Syn of Ammi visnaga (L.))",,SKIN CONDITIONING,Active,,ban substances that deplete the ozone layer,,,,,,,,N,,Y,1
60107,VITEX AGNUS CASTUS EXTRACT,,,91722-47-3,294-446-5,"Vitex Agnus Castus Extract is an extract of the berries of the Chaste Tree, Vitex agnus-castus, Verbenaceae (V. trifolia L.)",,ASTRINGENT,Active,,ban substances that deplete the ozone layer,,,,,,,,N,,Y,1
60108,VITEX AGNUS CASTUS LEAF CELL EXTRACT,,,91722-47-3,294-446-5,"Vitex Agnus Castus Leaf Cell Extract is an extract of a culture of the leaf cells of the Chaste Tree, Vitex agnus-castus, Verbenaceae (V. trifolia L.)",,FRAGRANCE | SKIN PROTECTING,Active,,,,,,,,,,N,,Y,1
60109,VITEX NEGUNDO EXTRACT,,,92347-33-6,296-222-2,"Vitex Negundo Extract is an extract of the whole plant Vitex negundo L., Verbenaceae",,SKIN CONDITIONING,Active,,ban substances that deplete the ozone layer,,,,,,,,N,,Y,1
60110,VITEX NEGUNDO LEAF CELL EXTRACT,,,92347-33-6,296-222-2,"Vitex Negundo Leaf Cell Extract is an extract of a culture of the leaf cells of Vitex negundo L., Verbenaceae",,FRAGRANCE | SKIN PROTECTING,Active,,ban substances that deplete the ozone layer,,,,,,,,N,,Y,1
60111,VITEX TRIFOLIA FRUIT EXTRACT,,,91722-47-3,294-446-5,"Vitex Trifolia Fruit Extract is an extract of the fruit of the Chaste Tree, Vitex trifolia L., Verbenaceae (syn. V. agnus-castus)",,SKIN CONDITIONING,Active,,,,,,,,,,N,,Y,1
60112,VITIS VINIFERA,,,85594-37-2 / 84929-27-1,287-896-9 / 284-511-6,"Vitis Vinifera is a plant material derived from the Grape, Vitis Vinifera L., Vitaceae",,FRAGRANCE | SKIN PROTECTING,Active,,,,,,,,,,N,,Y,1
60113,VITIS VINIFERA FLOWER CELL EXTRACT,,,85594-37-2 / 84929-27-1,287-896-9 / 284-511-6,"Vitis Vinifera Flower Cell Extract is an extract of a culture of the flower cells of the Grape, Vitis Vinifera L., Vitaceae",,FRAGRANCE | SKIN PROTECTING,Active,,,,,,,,,,N,,Y,1
60114,VITIS VINIFERA FLOWER EXTRACT,,,85594-37-2 / 84929-27-1,287-896-9 / 284-511-6,"Vitis Vinifera Flower Extract is an extract of the flowers of the Grape, Vitis Vinifera L., Vitaceae",,SKIN CONDITIONING - EMOLLIENT | FRAGRANCE | SKIN CONDITIONING,Active,,,,,,,,,,N,,Y,1
60115,VITIS VINIFERA FRUIT EXTRACT,,,85594-37-2 / 84929-27-1,287-896-9 / 284-511-6,"Vitis Vinifera Extract is an extract of the fruit of the Grape, Vitis Vinifera L., Vitaceae",,SKIN CONDITIONING,Active,,,,,,,,,,N,,Y,1
60116,VITIS VINIFERA FRUIT POWDER,,,85594-37-2 / 84929-27-1,287-896-9 / 284-511-6,"Vitis Vinifera Fruit Powder is the powder obtained from the dried, ground fruit of the Grape, Vitis Vinifera L., Vitaceae",,ANTIOXIDANT | SKIN CONDITIONING,Active,,ban substances that deplete the ozone layer,,,,,,,,N,,Y,1
60117,VITIS VINIFERA FRUIT WATER,,,85594-37-2 / 84929-27-1,287-896-9 / 284-511-6,"Vitis Vinifera Fruit Water is an aqueous solution of the steam distillate obtained from the fruit of the Grape, Vitis Vinifera L., Vitaceae",,SKIN CONDITIONING,Active,,,,,,,,,,N,,Y,1
60118,TEA-C12-13 ALKYL PHOSPHATE,,,,,TEA-C12-13 Alkyl Phosphate is the triethanolammonium salt of a complex mixture of esters of phosphoric acid and C12-13 alcohols (q.v.),,SURFACTANT - CLEANSING,Active,III/62,ban substances that deplete the ozone layer,,,,,,,,N,,Y,1
60119,TEA-C12-13 PARETH-3 SULFATE,,,,,"Alcohols, C12-13, ethoxylated, sulfated, triethanolamine salt (6 mol EO average molar ratio)",,SURFACTANT - EMULSIFYING | SURFACTANT - CLEANSING,Active,III/62,,,,,,,,,N,,Y,1
60120,TEA-C12-14 ALKYL PHOSPHATE,,,,,TEA-C12-14 Alkyl Phosphate is the triethanolamine salt of a complex mixture of esters of phosphoric acid and a synthetic fatty alcohol containing 12-14 carbons in the alkyl chain,,CLEANSING | SURFACTANT - CLEANSING,Active,III/62,,,,,,,,,N,,Y,1
60121,TEA-COCAMIDE DIACETATE,,,,,N-(Carboxymethyl)-N-Cocyl Glycine Triethanalomine Salt,,CHELATING | CLEANSING | SURFACTANT - CLEANSING,Active,III/62,ban substances that deplete the ozone layer,,,,,,,,N,,Y,1
60122,TEA-COCOYL ALANINATE,,,,,"L-Alanine, N-coco acyl derivs., compds. with triethanolamine (1:1)",,CLEANSING | HAIR CONDITIONING | SURFACTANT - CLEANSING,Active,III/62,ban substances that deplete the ozone layer | ban substances that deplete the ozone layer,,,,,,,,N,,Y,1
60123,TEA-COCOYL GLUTAMINATE,,,,,Tea-Cocoyl Glutaminate,,CLEANSING | SURFACTANT - CLEANSING,Active,III/62,,,,,,,,,N,,Y,1
60124,TEA-COCOYL GLYCINATE,,,,,Tea-Cocoyl Glycinate,,CLEANSING | SURFACTANT - EMULSIFYING | SURFACTANT - CLEANSING,Active,III/62,ban substances that deplete the ozone layer,,,,,,,,N,,Y,1
60125,TEA-DEXTRIN OCTENYLSUCCINATE,,,,,TEA-Dextrin Octenysuccinate is the Triethanalomine Salt of the reaction product of octenylsuccinic anhydride with Dextrin (q.v.),,SKIN CONDITIONING - EMOLLIENT | SURFACTANT - EMULSIFYING | EMULSION STABILISING | HAIR CONDITIONING | HUMECTANT | SKIN CONDITIONING | SURFACTANT - CLEANSING,Active,III/62,ban substances that deplete the ozone layer,,,,,,,,N,,Y,1
60126,TEA-DIETHANOLAMINOETHYL POLYISOBUTENYLSUCCINATE,,,67762-80-5,,"2,5-Furandione, Dihydro-, Monopolyisobutenyl Derivs., Reaction products with Triethanalomine",,SURFACTANT - EMULSIFYING | SURFACTANT - CLEANSING,Active,III/62,ban substances that deplete the ozone layer,,,,,,,,N,,Y,1
60127,TEA-DIMETHICONE PEG-7 PHOSPHATE,,,175893-65-9,-,"Siloxanes and silicones, di-Me, 3-hydroxypropyl Me, ethers with polyethylene glycol dihydrogenphosphate, triethanolamine salts (7 mol EO average molar ratio)",,CLEANSING | SURFACTANT - EMULSIFYING | SURFACTANT - CLEANSING,Active,III/62,ban substances that deplete the ozone layer,,,,,,,,N,,Y,1
60128,TEA-DIRICINOLEATE,,,351216-93-8,-,TEA-Diricinoleate is the organic compound that conforms to the formula:,"9-Octadeconoic Acid, 12-Hydroxy-,[2-Hydroxyethyl)lmino]Di-2,1-Ethanediyl Ester",SKIN CONDITIONING - EMOLLIENT | FILM FORMING | SKIN CONDITIONING,Active,III/62,ban substances that deplete the ozone layer,,,,,,,,N,,Y,1
60129,TEA-DIRICINOLEATE/IPDI COPOLYMER,,,351425-02-0,-,TEA-Diricinoleate/IPDI Copolymer is a copolymer of TEA-Diricinoleate (q.v.) and Isophorone Diisocyanate (q.v.) (IPDI).,,BUFFERING | FILM FORMING | HAIR CONDITIONING,Active,III/62,,,,,,,,,N,,Y,1
60130,TEA-GLYCERYL DIMALEATE,,,,,TEA-Glyceryl Dimaleate is the Triethanalomine Salt of the diester of Glycerin (q.v.) and Maleic Acid (q.v.),,HAIR CONDITIONING,Active,III/62,ban substances that deplete the ozone layer,,,,,,,,N,,Y,1
60131,TEA-HYDROGENATED COCOATE,,,,,Triethanalomine Hydrogenated Cocoate,,CLEANSING | SURFACTANT - CLEANSING,Active,III/62,ban substances that deplete the ozone layer,,,,,,,,N,,Y,1
60132,TEA-HYDROGENATED TALLOWOYL GLUTAMATE,,,,,"Glutamic acid, N-(hydrogenated tallow acyl) derivs., compounds with triethanolamine",,CLEANSING | HAIR CONDITIONING | SURFACTANT - CLEANSING,Active,III/62,,,,,,,,,N,,Y,1
60133,TEA-LAURATE/MYRISTATE,,,,,TEA-Laurate/Myristate is the Triethanalomine Salt of a mixture of lauric and myristic acids,,CLEANSING | SURFACTANT - EMULSIFYING | SURFACTANT - CLEANSING,Active,III/62,ban substances that deplete the ozone layer,,,,,,,,N,,Y,1
60134,TEA-LAURETH-4 PHOSPHATE,,,,,Triethanalomine Polyethylene Glycol 200 Lauryl Ether Phosphate,,SURFACTANT - EMULSIFYING | SURFACTANT - CLEANSING,Active,III/62,,,,,,,,,N,,Y,1
60135,VITIS VINIFERA JUICE EXTRACT,,,85594-37-2 / 84929-27-1,287-896-9 / 284-511-6,"Vitis Vinifera Juice Extract is an extract of the juice of the Grape, Vitis Vinifera L., Vitaceae",,ANTIOXIDANT | SKIN CONDITIONING,Active,,,,,,,,,,N,,Y,1
60136,VITIS VINIFERA LEAF CERA,,,85594-37-2 / 84929-27-1,287-896-9 / 284-511-6,"Vitis Vinifera Leaf Cera is the wax obtained from the vine leaves of the Grape, Vitis Vinifera L., Vitaceae",,SKIN PROTECTING,Active,,,,,,,,,,N,,Y,1
60137,VITIS VINIFERA LEAF OIL,,,85594-37-2 / 84929-27-1 / 8016-21-5,287-896-9 / 284-511-6 / 232-403-4,"Vitis Vinifera Leaf oil is the essential oil derived from the leaves of the Grape, Vitis Vinifera L., Vitaceae",,FRAGRANCE,Active,,,,,,,,,,N,,Y,1
60138,VITIS VINIFERA LEAF WATER,,,85594-37-2 / 84929-27-1,287-896-9 / 284-511-6,"Vitis Vinifera Leaf Water is an aqueous solution of the steam distillate obtained from the leaves of the Grape, Vitis Vinifera L., Vitaceae",,SKIN CONDITIONING,Active,,,,,,,,,,N,,Y,1
60140,VITIS VINIFERA SEED,,,85594-37-2 / 84929-27-1,287-896-9 / 284-511-6,"Vitis Vinifera Seed is the seed of the Grape, Vitis Vinifera L., Vitaceae",,SKIN CONDITIONING,Active,,,,,,,,,,N,,Y,1
60141,VITIS VINIFERA SEED POWDER,,,85594-37-2 / 84929-27-1,287-896-9 / 284-511-6,"Vitis Vinifera Seed Powder is the powder obtained from the dried, ground seeds of the Grape, Vitis Vinifera L., Vitaceae",,SKIN CONDITIONING - EMOLLIENT,Active,,ban substances that deplete the ozone layer,,,,,,,,N,,Y,1
60142,VITIS VINIFERA SKIN EXTRACT,,,85594-37-2 / 84929-27-1,287-896-9 / 284-511-6,"Vitis Vinifera Skin Extract is an extract of the skin of the Grape, Vitis Vinifera L., Vitaceae",,ANTIOXIDANT,Active,,,,,,,,,,N,,Y,1
60143,VITIS VINIFERA SKIN POWDER,,,85594-37-2 / 84929-27-1,287-896-9 / 284-511-6,"Vitis Vinifera Skin Powder is the powder obtained from the dried, ground skin of the Grape, Vitis Vinifera L., Vitaceae",,ANTIOXIDANT | SKIN CONDITIONING,Active,,,,,,,,,,N,,Y,1
60144,VITIS VINIFERA VINE EXTRACT,,,85594-37-2 / 84929-27-1,287-896-9 / 284-511-6,"Vitis Vinifera Vine Extract is an extract of the vine of the Grape, Vitis Vinifera L., Vitaceae",,SKIN CONDITIONING,Active,,,,,,,,,,N,,Y,1
60145,VITIS VINIFERA VINE SAP,,,85594-37-2 / 84929-27-1,287-896-9 / 284-511-6,"Vitis Vinifera Vine Sap is the sap obtained from the vines of the Grape, Vitis Vinifera L., Vitaceae",,SKIN CONDITIONING,Active,,,,,,,,,,N,,Y,1
60146,VITREOSCILLA FERMENT,,,,,Vitreoscilla Ferment is product obtained by the fermentation of Vitreoscilla,,SKIN CONDITIONING,Active,,,,,,,,,,N,,Y,1
60147,VOANDZEIA SUBTERRANEA SEED EXTRACT,,,,,"Voandzeia Subterranea Seed Extract is an extract of the seed of Voandzeia Subterranea, Leguminosae",,SKIN CONDITIONING,Active,,,,,,,,,,N,,Y,1
60148,VOLCANIC ASH,,,,,"Volcanic Ash is an amorphous, inorganic silicate obtained from lava deposits",,ABRASIVE | ABSORBENT | BULKING,Active,,,,,,,,,,N,,Y,1
60149,VOLCANIC ROCK,,,,,Volcanic Rock is the various minerals obtained from the basins of volcanoes,,ABRASIVE | ANTIOXIDANT | BINDING | REDUCING,Active,,,,,,,,,,N,,Y,1
60150,VOLCANIC SAND,,,,,"Volcanic sand is loose, granular particles of disintegrated lava deposits",,SKIN CONDITIONING,Active,,,,,,,,,,N,,Y,1
60151,VP/ACRYLATES/LAURYL METHACRYLATE COPOLYMER,,,83120-95-0 / 240818-89-7,,"1-Ethenyl-2-pyrrolidinone, polymer with dodecyl 2-methyl-2-propenoate, and one or more of  2-methyl-2-propenoic acid, 2-propenoic acid, or one of their simple esters",,HAIR FIXING,Active,,,,,,,,,,N,,Y,1
60152,VP/DIMETHICONYLACRYLATE/POLYCARBAMYL POLYGLYCOL ESTER,,,,,"VP/Dimethiconylacrylate/Polycarbamyl Polyglycol Ester is a copolymer of vinylpyrrolidone, acrylated dimethiconol and polyurethane.",,FILM FORMING,Active,,,,,,,,,,N,,Y,1
60153,VP/DIMETHYLAMINOETHYLMETHACRYLATE COPOLYMER,,,30581-59-0,,"2-Propenoic Acid, 2-Methyl-, 2-(Dimethylamino)Ethyl Ester, Polymer with 1-Ethenyl-2-Pyrrolidinone",,BINDING | FILM FORMING | HAIR FIXING,Active,,ban substances that deplete the ozone layer,,,,,,,,N,,Y,1
60154,VP/DIMETHYLAMINOETHYLMETHACRYLATE/POLYCARBAMYL POLYGLYCOL ESTER,,,,,PVP/Dimethylaminoethylmethacrylate/Polycarbamyl Polyglycol Ester,,FILM FORMING,Active,,ban substances that deplete the ozone layer,,,,,,,,N,,Y,1
60155,VP/DMAPA ACRYLATES COPOLYMER,,,175893-71-1,,"1-Ethenyl-2-pyrrolidinone, polymer N-(3-dimethylaminopropyl)-2-propenamide and N-[3-dimethylaminopropyl]-2-methyl-2-propenamide",,HAIR FIXING,Active,,,,,,,,,,N,,Y,1
60156,VP/EICOSENE COPOLYMER,,,28211-18-9,,"2-Pyrrolidinone, 1-ethenyl-, polymer with 1-eicosene",,BINDING | FILM FORMING | VISCOSITY CONTROLLING,Active,,,,,,,,,,N,,Y,1
60157,VP/HEXADECENE COPOLYMER,,,32440-50-9/63231-81-2,-/-,VP/Hexadecene Copolymer is a polymer of Hexadecene and N-Vinyl Pyrrolidone monomers.,,BINDING | FILM FORMING | HAIR FIXING | VISCOSITY CONTROLLING | DISPERSING NON-SURFACTANT,Active,,ban substances that deplete the ozone layer,,,,,,,,N,,Y,1
60158,VP/METHACRYLAMIDE/VINYL IMIDAZOLE COPOLYMER,,,38139-93-4,,"2-Propenamide, 2-Methyl-, Polymer with 2-Ethenyl-1H-Imidazole and 1-Ethenyl-2-Pyrrolidinone",,FILM FORMING | HAIR FIXING,Active,,,,,,,,,,N,,Y,1
60159,VP/POLYCARBAMYL POLYGLYCOL ESTER,,,,,PVP/Polycarbamyl Polyglycol Ester,,FILM FORMING,Active,,ban substances that deplete the ozone layer,,,,,,,,N,,Y,1
60160,VP/VA COPOLYMER,,,25086-89-9,,"Acetic acid ethenyl ester, polymer with 1-ethenyl-2-pyrrolidinone",,BINDING | FILM FORMING | HAIR FIXING,Active,,,,,,,,,,N,,Y,1
60161,VP/VINYL CAPROLACTAM/DMAPA ACRYLATES COPOLYMER,,,243643-82-5,-,"1-Ethenyl-2-pyrrolidinone, polymer with 1-ethenylhexahydro-2H-azepin-2-one, N-(3-dimethylaminopropyl)-2-propenamide, 2-propenoic acid and methyl 2-propenoate",,HAIR FIXING,Active,,,,,,,,,,N,,Y,1
60162,WALTHERIA INDICA LEAF EXTRACT,,,,,"Waltheria Indica Leaf Extract is an extract of the leaves of Waltheria indica L., Sterculiaceae",,SKIN CONDITIONING,Active,,ban substances that deplete the ozone layer,,,,,,,,N,,Y,1
60163,WASABIA JAPONICA LEAF EXTRACT,,,-,-,"Wasabia Japonica Leaf Extract is an extract of the leaves and leafstalk of Wasabia japonica, Brassicaceae",,ANTIMICROBIAL,Active,,ban substances that deplete the ozone layer,,,,,,,,N,,Y,1
60164,WASABIA JAPONICA ROOT EXTRACT,,,-,-,"Wasabia Japonica Root Extract is an extract of the rhizomes of Wasabia japonica, Brassicaceae",,SKIN CONDITIONING,Active,,,,,,,,,,N,,Y,1
60165,WEDELIA CALENDULACEA EXTRACT,,,93165-84-5,296-973-6,"Wedelia Calendulacea Extract is an extract of the whole plant Wedelia calendulacea, Compositae",,HUMECTANT | SKIN CONDITIONING,Active,,,,,,,,,,N,,Y,1
60166,WELAN GUM,,,96949-22-3,,Welan Gum is a gum produced by the fermentation of Alcaligenes,,BINDING | EMULSION STABILISING | FILM FORMING | VISCOSITY CONTROLLING,Active,,,,,,,,,,N,,Y,1
60167,WHEAT GERM OIL PEG-40 BUTYLOCTANOL ESTERS,,,-,-,Wheat Germ Oil PEG-40 Butyloctanol Esters is the product obtained by the reaction of a mixture of Triticum Vulgare (Wheat) Germ Oil and Butyloctanol with PEG-40,,SKIN CONDITIONING - EMOLLIENT | SKIN CONDITIONING,Active,,,,,,,,,,N,,Y,1
60168,WHEAT GERM OIL PEG-8 ESTERS,,,-,-,Wheat Germ Oil PEG-8 Esters is the product obtained by the transesterification of Triticum Vulgare (Wheat) Germ Oil and PEG-8,,SKIN CONDITIONING - EMOLLIENT | SURFACTANT - EMULSIFYING | SKIN CONDITIONING | SURFACTANT - CLEANSING,Active,,ban substances that deplete the ozone layer,,,,,,,,N,,Y,1
60169,TEA-C11-15 PARETH SULFATE,,,,,"TEA-C11-15 Pareth Sulfate is the Triethanalomine Salt of the sulfate ester of a mixture of ethoxylated, synthetic C11-15 fatty alcohols containing 1 mole of ethylene oxide",,SURFACTANT - EMULSIFYING | SURFACTANT - CLEANSING,Active,III/62,ban substances that deplete the ozone layer,,,,,,,,N,,Y,1
60170,TEA-LAUROYL/MYRISTOYL ASPARTATE,,,,,Tea-Lauroyl/Myristoyl Aspartate,,CLEANSING | HAIR CONDITIONING | SURFACTANT - CLEANSING,Active,III/62,,,,,,,,,N,,Y,1
60171,TEA-LAURYL PHOSPHATE,,,,,Triethanalomine Lauryl Phosphate,,CLEANSING | SURFACTANT - FOAM BOOSTING | SURFACTANT - CLEANSING,Active,III/62,,,,,,,,,N,,Y,1
60172,TEA-PEG-50 HYDROGENATED CASTOR OIL SUCCINATE,,,,,TEA-PEG-50 Hydrogenated Castor Oil Succinate is the triethanalomine salt of PEG-50 hydrogenated castor oil succinate (q.v.),,SURFACTANT - EMULSIFYING,Active,III/62,ban substances that deplete the ozone layer,,,,,,,,N,,Y,1
60173,TECOMA CURIALIS BARK EXTRACT,,,,,"Tecoma Curialis Bark Extract is an extract of the bark of the Tecoma curialis, Bignoniaceae",,SKIN CONDITIONING,Active,,,,,,,,,,N,,Y,1
60174,TECOMA LAPACHO BARK EXTRACT,,,,,"Tecoma Lapacho Extract is an extract of the bark of the Lapacho, Tecoma lapacho, Bignoniaceae",,SKIN CONDITIONING,Active,,ban substances that deplete the ozone layer,,,,,,,,N,,Y,1
60175,TEPHROSIA PURPUREA SEED EXTRACT,,,,,"Tephrosia Purpurea Seed Extract is an extract of the seeds of the Tephrosia purpurea, Leguminosae",,SKIN CONDITIONING,Active,,ban substances that deplete the ozone layer,,,,,,,,N,,Y,1
60176,TETRASELMIS SUECICA EXTRACT,,,-,-,TeTraselmis Suecica Extract is an extract of the plankton Tetraselmis suecica,,SKIN CONDITIONING,Active,,ban substances that deplete the ozone layer,,,,,,,,N,,Y,1
60177,TERMINALIA ARJUNA BARK,,,93456-04-3,297-393-6,"Terminalia Arjuna Bark is the bark of the Terminalia arjuna, Combretaceae",,SKIN PROTECTING,Active,,ban substances that deplete the ozone layer,,,,,,,,N,,Y,1
60178,TERMINALIA ARJUNA BARK EXTRACT,,,93456-04-3,297-393-6,"Terminalia Arjuna Bark Extract is an extract of the bark of the Terminalia arjuna, Combretaceae",,SKIN CONDITIONING,Active,,,,,,,,,,N,,Y,1
60179,TERMINALIA ARJUNA EXTRACT,,,93456-04-3,297-393-6,"Terminalia Arjuna Extract is an extract of the whole plant the Terminalia arjuna, Combretaceae",,SKIN CONDITIONING,Active,,ban substances that deplete the ozone layer,,,,,,,,N,,Y,1
60180,TERMINALIA BELLERICA FRUIT,,,92202-43-2,296-078-0,"Terminalia Bellerica Fruit is the plant material obtained from the dried fruit of the Terminalia bellerica, Combretaceae",,ASTRINGENT | SKIN CONDITIONING - EMOLLIENT | SKIN CONDITIONING,Active,,ban substances that deplete the ozone layer,,,,,,,,N,,Y,1
60181,TERMINALIA BELLERICA FRUIT EXTRACT,,,92202-43-2,296-078-0,"Terminalia Bellerica Fruit Extract is an extract obtained from the fruit of the Terminalia bellerica, Combretaceae",,ANTIMICROBIAL | ASTRINGENT | SKIN CONDITIONING - EMOLLIENT | SKIN CONDITIONING,Active,,ban substances that deplete the ozone layer,,,,,,,,N,,Y,1
60182,TERMINALIA BELLERICA FRUIT POWDER,,,92202-43-2,296-078-0,"Terminalia Bellerica Fruit Powder is the powder obtained from the dried, ground fruit of the Terminalia bellerica, Combretaceae",,SKIN CONDITIONING,Active,,ban substances that deplete the ozone layer,,,,,,,,N,,Y,1
60183,TERMINALIA CATAPPA LEAF EXTRACT,,,182371-63-7,-,"Terminalia Catappa Extract is an extract of the leaves of the Terminalia catappa L., Combretaceae",,SKIN CONDITIONING,Active,,,,,,,,,,N,,Y,1
60184,WHEY,,,92129-90-3,295-890-2,Whey is the water dispersable part of milk that is separated from the curd in the manufacture of cheese,,SKIN CONDITIONING,Active,,ban substances that deplete the ozone layer,,,,,,,,N,,Y,1
60185,WHEY FERMENT,,,,,"Whey Ferment is the product obtained by the fermentation of whey (q.v.) by the microorganisms, Streptococus lactis, S. Cremoris, S. Thermophilus, and Mesophilic Lactobacilli",,SKIN CONDITIONING,Active,,ban substances that deplete the ozone layer,,,,,,,,N,,Y,1
60186,WHEY FILTRATE,,,,,Whey Filtrate is the product obtained by removing insoluble matter from whey (q.v.),,SKIN CONDITIONING,Active,,ban substances that deplete the ozone layer,,,,,,,,N,,Y,1
60187,WHEY PROTEIN,,,84082-51-9,,Whey Protein is a polypeptide obtained from the fluid part of Milk after separation from curds.,,HAIR CONDITIONING | SKIN CONDITIONING,Active,,ban substances that deplete the ozone layer,,,,,,,,N,,Y,1
60188,WINE,,,,,Wine is the product obtained by the fermentation of various species of grapes by Saccharomyces,,SKIN CONDITIONING,Active,,,,,,,,,,N,,Y,1
60189,WINE EXTRACT,,,,,Wine extract is an extract of wine,,ANTIOXIDANT,Active,,,,,,,,,,N,,Y,1
60190,WITHANIA SOMNIFERA FLOWER EXTRACT,,,90147-43-6,290-434-9,"Withania Somnifera Flower Extract is an extract of the flowers of the Winter-cherry, Withania somnifera L., Solanaceae",,SKIN CONDITIONING,Active,,ban substances that deplete the ozone layer,,,,,,,,N,,Y,1
60191,WITHANIA SOMNIFERA ROOT EXTRACT,,,90147-43-6,290-434-9,"Withania Somnifera Root Extract is an extract of the roots of the Winter-cherry, Withania somnifera L., Solanaceae",,SKIN CONDITIONING,Active,,ban substances that deplete the ozone layer,,,,,,,,N,,Y,1
60192,WITHANIA SOMNIFERA ROOT POWDER,,,90147-43-6,290-434-9,"Withania Somnifera Root Powder is the powder obtained from the dried, ground roots of the Winter-cherry, Withania somnifera L., Solanaceae",,SKIN CONDITIONING,Active,,ban substances that deplete the ozone layer,,,,,,,,N,,Y,1
60193,WOOD POWDER,,,,,"Wood Powder is the powder obtained from dried, ground wood",,ABRASIVE | ABSORBENT | BULKING,Active,,,,,,,,,,N,,Y,1
60194,WOOL POWDER,,,,,"Wool Powder is the powder obtained from the dried, ground hair, or fleece, of the sheep, Ovis Aries",,HAIR CONDITIONING | SKIN CONDITIONING,Active,,,,,,,,,,N,,Y,1
60195,XANTHIUM STRUMARIUM FRUIT EXTRACT,,,90147-46-9,290-438-0,"Xanthium Strumarium Fruit Extract is an extract of the fruit of the Burweed, Xanthium strumarium L., Compositae",,SKIN CONDITIONING,Active,,,,,,,,,,N,,Y,1
60198,XANTHORRHOEA PREISSII LEAF OIL,,,,,"Xanthorrhoea Preissii Leaf Oil is the volatile oil distilled from the leaves of Xanthorrhoea preissii, Liliaceae",,FRAGRANCE,Active,,,,,,,,,,N,,Y,1
60199,XENOTIME,,,13817-22-6,,Xenotime is a mineral consisting chiefly of yttrium phosphate,,BINDING | SKIN CONDITIONING,Active,,ban substances that deplete the ozone layer,,,,,,,,N,,Y,1
60200,XIMENIA AMERICANA SEED OIL,,,95193-67-2,305-880-2,"Ximenia Americana Oil is the refined, fixed oil obtained from the seeds of the American Ximenia, Ximenia americana L., Olacaceae",,SKIN CONDITIONING - EMOLLIENT | FRAGRANCE,Active,,ban substances that deplete the ozone layer,,,,,,,,N,,Y,1
60201,XYLITYLGLUCOSIDE,,,,,Xylitylglucoside,,HUMECTANT | SKIN CONDITIONING,Active,,ban substances that deplete the ozone layer,,,,,,,,N,,Y,1
60202,XYLOBIOSE,,,6860-47-5,-,,"D-Xylose, 4-O-beta-D-xylopyranosyl-",HUMECTANT | SKIN CONDITIONING,Active,,ban substances that deplete the ozone layer,,,,,,,,N,,Y,1
60203,XYLOGLUCAN,,,37294-28-3,,Glucoxylan,,HUMECTANT,Active,,,,,,,,,,N,,Y,1
60204,XYLYL DIBUTYLBENZOFURANONE,,,181314-48-7,417-100-9,"2(3H)-Benzofuranone, 5,7-(1,1-Dimethylethyl)-3-Hydroxy-, reaction pducts with o-Xylene",,ANTIOXIDANT,Active,,,,,,,,,,N,,Y,1
60205,XYMENYNIC ACID,,,557-58-4,209-179-1,,"11-Octadecen-9-ynoic acid, (E)-",SKIN CONDITIONING - EMOLLIENT | SKIN CONDITIONING,Active,,ban substances that deplete the ozone layer,,,,,,,,N,,Y,1
60206,YEAST,,,68876-77-7,,Saccharomyces cerevisiae,,SKIN CONDITIONING,Active,,,,,,,,,,N,,Y,1
60207,YEAST FERMENT EXTRACT,,,-,-,Yeast Ferment Extract is an extract of the product obtained by fermentation of Saccharomyces cerevisiae,,SKIN CONDITIONING,Active,,ban substances that deplete the ozone layer,,,,,,,,N,,Y,1
60208,YOGURT POWDER,,,,,"Yogurt Powder is a powder obtained from dried, ground yogurt",,HAIR CONDITIONING,Active,,,,,,,,,,N,,Y,1
60209,YOGURT EXTRACT,,,,,Yogurt Extract is an extract of yogurt,,HAIR CONDITIONING | SKIN CONDITIONING,Active,,ban substances that deplete the ozone layer,,,,,,,,N,,Y,1
60210,YUCCA ALOIFOLIA LEAF/ROOT EXTRACT,,,223748-88-7 / 90147-57-2,- / 290-449-0,"Yucca Aloifolia Extract is an extract of the leaves and roots of Yucca aloifolia L., Liliaceae",,FRAGRANCE | SKIN PROTECTING,Active,,,,,,,,,,N,,Y,1
60212,YUCCA BREVIFOLIA ROOT EXTRACT,,,91722-59-7,294-459-6,"Yucca Brevifolia Root Extract is an extract of the roots of the Hoshua Tree, Yucca brevifolia, Agavaceae",,SKIN CONDITIONING,Active,,ban substances that deplete the ozone layer,,,,,,,,N,,Y,1
60213,YUCCA FILAMENTOSA EXTRACT,,,90147-58-3,290-450-6,"Yucca Filamentosa Extract is an extract of the whole plant of the Bear Grass, Yucca filamentosa L., Agavaceae",,FRAGRANCE,Active,,,,,,,,,,N,,Y,1
60214,YUCCA FILAMENTOSA ROOT,,,90147-58-3,290-450-6,"Yucca Filamentosa Root is the roots of the Bear Grass, Yucca filamentosa L., Agavaceae",,SKIN PROTECTING,Active,,,,,,,,,,N,,Y,1
60215,YUCCA GLAUCA ROOT EXTRACT,,,223749-02-8 / 90147-57-2,- / 290-449-0,"Yucca Glauca Extract is an extract of the root of the Yucca, Yucca glauca, Liliaceae",,SKIN PROTECTING,Active,,,,,,,,,,N,,Y,1
60216,YUCCA SCHIDIGERA LEAF/ROOT/STEM EXTRACT,,,90147-57-2 (Generic) / 223749-05-1,290-449-0,"Yucca Schidigera Extract is an extract of the leaves, stems and roots of the yucca, Yucca schidigera, Liliaceae",,CLEANSING | FRAGRANCE | SKIN PROTECTING | SURFACTANT - CLEANSING,Active,,,,,,,,,,N,,Y,1
60217,YUCCA SCHIDIGERA FRUIT,,,90147-57-2,290-449-0,"Yucca Schidigera Fruit is the fruit of the Small Soap Weed, Yucca schidigera, Liliaceae",,SKIN PROTECTING,Active,,,,,,,,,,N,,Y,1
60218,TERMINALIA CHEBULA BARK EXTRACT,,,90131-48-9,290-359-1,"Terminalia Chebula Bark Extract is an extract of the bark of the Myrobalan,Terminalia chebula, Combretaceae",,ASTRINGENT | SKIN CONDITIONING,Active,,ban substances that deplete the ozone layer,,,,,,,,N,,Y,1
60219,TERMINALIA CHEBULA EXTRACT,,,90131-48-9,290-359-1,"Terminalia Chebula Extract is an extract of the Myrobalan, Terminalia chebula, Combretaceae",,ASTRINGENT | SKIN CONDITIONING,Active,,ban substances that deplete the ozone layer,,,,,,,,N,,Y,1
60220,TERMINALIA CHEBULA FRUIT EXTRACT,,,90131-48-9,290-359-1,"Terminalia Chebula Fruit Extract is an extract of the fruit of Terminalia chebula, Combretaceae",,SKIN CONDITIONING,Active,,,,,,,,,,N,,Y,1
60221,TERMINALIA CHEBULA FRUIT POWDER,,,90131-48-9,290-359-1,"Terminalia Chebula Fruit Powder is the powder obtained from the dried, ground fruit of the Myrobalan, Terminalia chebula, Combretaceae",,SKIN CONDITIONING,Active,,ban substances that deplete the ozone layer,,,,,,,,N,,Y,1
60222,TERMINALIA CHEBULA ROOT EXTRACT,,,90131-48-9,290-359-1,"Terminalia Chebula Root Extract is an extract of the roots of the Myrobalan, Terminalia chebula, Combretaceae",,SKIN CONDITIONING,Active,,,,,,,,,,N,,Y,1
60223,TERMINALIA FERDINANDIANA FRUIT EXTRACT,,,-,-,"Terminalia Ferdinandiana Fruit Extract is an extract of the fruit of the Terminalia ferdinandiana, Combretaceae",,ANTIOXIDANT | BLEACHING,Active,,ban substances that deplete the ozone layer,,,,,,,,N,,Y,1
60224,TESTICULAR HYDROLYSATE,,,84540-19-2,283-110-3,"Testicular Hydrolysate is an hydrolysate of animal testicular tissue derived by acid, enzyme or other method of hydrolysis",,SKIN CONDITIONING,Active,"Please consider whether entry 419 of Annex II to the Cosmetics Regulation 1223/2009 is applicable. According to entry 419, category 1 material and Category 2 material as defined in Articles 4 and 5 respectively of Regulation (EC) No 1774/2002, and ingredients derived therefrom are prohibited in cosmetics products. Regulation (EC) No 1774/2002 has been repealed and replaced by Regulation No. 1069/2009. For Category 1 and 2 materials in Regulation No. 1069/2009, please see Article 8 and 9, respectively.",,,,,,,,,N,,Y,1
60225,TETRAACETYLPHYTOSPHINGOSINE,,,,,Tetraacetylphytosphingosine is the tetraester of acetic acid and Phytosphingosine (q.v.),,HAIR CONDITIONING | SKIN CONDITIONING,Active,,ban substances that deplete the ozone layer,,,,,,,,N,,Y,1
60226,TETRAAMINOPYRIMIDINE SULFATE,,,5392-28-9,226-393-0,,"Pyrimidine tetramine, sulfate (1:1); Pyrimidinetetrayltetraamine sulphate",HAIR DYEING,Active,Annex III/200,ban substances that deplete the ozone layer,,,,,,"Opinion concerning 2,4,5,6-Tetraaminopyrimidine | Opinion on Tetra-Aminopyrimidine sulfate",,N,,Y,1
60227,TETRABROMOPHENOL BLUE,,,4430-25-5,224-622-9,Tetrabromophenol Blue is the organic compound that conforms to the formula:,"Phenol, 4,4'-(4,5,6,7-Tetrabromo-1,1-Dioxido-3H-2,1-Benzoxathiol-3-ylidene)Bis[2,6-Dibromo-",HAIR DYEING,Active,,,,,,,,"Opinion concerning Tetrabromophenol Blue | OPINION ON Tetrabromophenol Blue, 4,4’-(4,5,6,7-tetrabromo-1,1-dioxido-3H-2,1-benzoxathiol-3-yliden)bis-2,6-dibromophenol (C183) | OPINION ON Tetrabromophenol Blue, 4,4’-(4,5,6,7-tetrabromo-1,1-dioxido-3H-2,1-benzoxathiol-3-yliden)bis-2,6-dibromophenol (C183)",,N,,Y,1
60228,TETRABUTYL ETHYLIDENEBISPHENOL,,,35958-30-6,252-816-3,,"Phenol, 2,2'-ethylidenebis[4,6-bis(1,1-dimethylethyl)-",ANTIOXIDANT,Active,,,,,,,,,,N,,Y,1
60229,TETRABUTYL PHENYL HYDROXYBENZOATE,,,,,Tetrabutyl Phenyl Hydroxybenzoate,,ANTIOXIDANT,Active,,ban substances that deplete the ozone layer,,,,,,,,N,,Y,1
60230,TETRADECYLEICOSANOIC ACID,,,,,,Tetradecyleicosanoic Acid,EMULSION STABILISING | VISCOSITY CONTROLLING,Active,,,,,,,,,,N,,Y,1
60231,TETRADECYLOCTADECANOIC ACID,,,,,,Tetradecyloctadecanoic Acid,EMULSION STABILISING | VISCOSITY CONTROLLING,Active,,,,,,,,,,N,,Y,1
60232,TETRADECYLOCTADECYL BEHENATE,,,,,"Behenic acid, tetradecyloctadecyl ester",,BINDING | EMULSION STABILISING | FILM FORMING | OPACIFYING | SKIN CONDITIONING,Active,,,,,,,,,,N,,Y,1
60233,TETRADECYLOCTADECYL MYRISTATE,,,,,"Myristic acid, tetradecyloctadecyl ester",,BINDING | EMULSION STABILISING | FILM FORMING | OPACIFYING | SKIN CONDITIONING,Active,,ban substances that deplete the ozone layer,,,,,,,,N,,Y,1
60234,TETRADECYLOCTADECYL STEARATE,,,,,"Stearic acid, tetradecyloctadecyl ester",,BINDING | EMULSION STABILISING | FILM FORMING | OPACIFYING | SKIN CONDITIONING,Active,,ban substances that deplete the ozone layer,,,,,,,,N,,Y,1
60235,TETRADECYLPROPIONATES,,,,,"Tetradecylpropionates is an isomeric mixture of esters consisting chiefly of 2-Tetradecylpropionate, 3-Tetradecylpropionate and 4-Tetradecylpropionate",,SKIN CONDITIONING - EMOLLIENT | SKIN CONDITIONING | SOLVENT,Active,,ban substances that deplete the ozone layer,,,,,,,,N,,Y,1
60237,TETRAHYDRO-6-NITROQUINOXALINE,,,,,,"Quinoxaline, 1,2,3,4-tetrahydro-6-nitro-",HAIR DYEING | LIGHT STABILIZER,Active,II/1240,ban substances that deplete the ozone layer | ban substances that deplete the ozone layer,,,,,,,,N,,Y,1
60238,TETRAHYDROBISDEMETHOXYDIFERULOYLMETHANE,,,113482-94-3,,,Tetrahydrobisdemethoxycurcumin,ANTIOXIDANT | ORAL CARE | SKIN CONDITIONING,Active,,ban substances that deplete the ozone layer,,,,,,,,N,,Y,1
60239,TETRAHYDROCURCUMIN DIACETATE,,,52199-86-7,,,"3,5-Heptanedione, 1,7-bis[4-(acetyloxy)-3-methoxyphenyl]-",ANTIOXIDANT | BLEACHING | SKIN PROTECTING | UV ABSORBER,Active,,,,,,,,,,N,,Y,1
60240,TETRAHYDRODEMETHOXYDIFERULOYLMETHANE,,,149579-07-7,,,Tetrahydrodemethoxycurcumin,ANTIOXIDANT | ORAL CARE | SKIN CONDITIONING,Active,,,,,,,,,,N,,Y,1
60241,TETRAHYDROPIPERINE,,,23434-88-0,,,"1-Pentanone, 5-(1,3-benzodioxol-5-yl)-1-(piperidinyl)-",SKIN CONDITIONING,Active,,ban substances that deplete the ozone layer,,,,,,,,N,,Y,1
60242,TETRAHYDROXYPROPYL ETHYLENEDIAMINE DIOLEATE,,,,,,Ethylenediamine Tetrakis (2-hydroxypropyl) Dioleic Acid,CHELATING,Active,,,,,,,,,,N,,Y,1
60243,TETRAMETHRIN,,,7696-12-0,231-711-6,Tetramethrin is the organic compound that conforms to the formula:,"Cyclopropane carboxylic acid, 2,2-dimethyl-3-(2-methyl-1-propenyl)-, (1,2,3,4,5,6,7-hexahydro-1,3-dioxo-2H-isoindol-2-yl)- methyl ester",ANTIMICROBIAL,Active,II/1618,ban substances that deplete the ozone layer,,,,,,,,N,,Y,1
60244,TETRAMETHYL CYCLOPENTENE BUTENOL,,,,,,Tetramethyl Cyclopentene Butenol,FRAGRANCE,Active,,ban substances that deplete the ozone layer,,,,,,,,N,,Y,1
60245,TETRAMETHYL HEXAPHENYL TETRASILOXANE,,,38421-40-8,,,"Tetrasiloxane, 1,3,5,7-tetramethyl-1,1,1,3,5,7,7-hexaphenyl-",SKIN CONDITIONING,Active,,ban substances that deplete the ozone layer,,,,,,,,N,,Y,1
60247,TETRAMETHYLOLGLYCOLURIL,,,5395-50-6,226-408-0,,"Imidazo[4,5-d]imidazole-2,5(1H,3H)-dione, tetrahydro-1,3,4,6-tetrakis(hydroxymethyl)-",ANTIMICROBIAL,Active,,,,,,,,,,N,,Y,1
60248,TETRANDRINE,,,518-34-3,,,"Berbaman, 6,6',7,12-Tetramethoxy-2,2'-(Dimethyl-,(1beta)-",SKIN CONDITIONING,Active,,,,,,,,,,N,,Y,1
60249,TETRAPEPTIDE-1,,,-,-,"Tetrapeptide-1 is a synthetic peptide containing leucine, proline, threonine, and valine",,SKIN CONDITIONING,Active,,ban substances that deplete the ozone layer,,,,,,,,N,,Y,1
60252,YUCCA SCHIDIGERA FRUIT JUICE,,,90147-57-2,290-449-0,"Yucca Schidigera Fruit Juice is the juice expressed from the fruit of the Small Soap Weed, Yucca schidigera, Liliaceae",,SKIN CONDITIONING,Active,,,,,,,,,,N,,Y,1
60254,ZANTEDESCHIA AETHIOPICA FLOWER/STEM EXTRACT,,,,,"Zantedeschia Aethiopica Flower/Stem Extract is an extract of the flowers and stems of Zantedeschia aethiopica, Araceae",,FRAGRANCE,Active,,,,,,,,,,N,,Y,1
60255,ZANTHOXYLUM ACANTHOPODIUM FRUIT OIL,,,102242-62-6,310-094-8,"Zanthoxylum Acanthopodium Fruit Oil is the volatile oil obtained from the steam distillation of the fruit of Zanthoxylum acanthopodium, Rutaceae",,FRAGRANCE,Active,,,,,,,,,,N,,Y,1
60257,ZANTHOXYLUM ALATUM FRUIT EXTRACT,,,91770-90-0,294-877-9,"Zanthoxylum Alatum Extract is an extract of the fruits of Zanthoxylum alatum, Rutaceae",,FRAGRANCE | SKIN CONDITIONING,Active,,,,,,,,,,N,,Y,1
60259,ZANTHOXYLUM AMERICANUM BARK EXTRACT,,,90105-89-8,290-297-4,"Zanthoxylum Americanum Extract is an extract of the bark of the prickly ash, Zanthoxylum americanum, Rutaceae",,FRAGRANCE | SKIN CONDITIONING,Active,,,,,,,,,,N,,Y,1
60260,ZANTHOXYLUM BUNGEANUM BARK/FRUIT/FLOWER/STALK EXTRACT,,,,,"Zanthoxylum Bungeanum Bark/Fruit/Flower/Stalk Extract is an extract of the berries, flowers, stalks and bark of Zanthoxylum Bungeanum",,SKIN CONDITIONING,Active,,,,,,,,,,N,,Y,1
60261,ZANTHOXYLUM PIPERITUM FRUIT EXTRACT,,,97404-53-0,306-820-8,"Zanthoxylum Piperitum Extract is an extract of the fruit of the Prickly Ash, Zanthoxylum piperitum, Rutaceae",,SKIN CONDITIONING,Active,,ban substances that deplete the ozone layer,,,,,,,,N,,Y,1
60262,ZANTHOXYLUM PIPERITUM OIL,,,97404-53-0,306-820-8,"Zanthoxylum Piperitum Oil is the oil obtained from the fruit and fruit pericarp of the Prickly Ash, Zanthoxylum piperitum, Rutaceae",,FRAGRANCE,Active,,,,,,,,,,N,,Y,1
60263,ZANTHOXYLUM PIPERITUM PEEL EXTRACT,,,97404-53-0,306-820-8,"Zanthoxylum Piperitum Peel Extract is an extract of the peels of the Prickly Ash, Zanthoxylum piperitum, Rutaceae",,ANTIMICROBIAL,Active,,ban substances that deplete the ozone layer,,,,,,,,N,,Y,1
60264,ZANTHOXYLUM ZANTHOXYLOIDES BARK EXTRACT,,,102242-62-6,310-094-8,"Zanthoxylum Zanthoxyloides Bark Extract is an extract of the bark of Zanthoxylum zanthoxyloides, Rutaceae",,SKIN CONDITIONING,Active,,,,,,,,,,N,,Y,1
60265,ZEA MAYS FRUIT,,,,,"Zea Mays (Corn) Fruit is the fruit of Zea mays L., Poaceae",,SKIN CONDITIONING,Active,,,,,,,,,,N,,Y,1
60266,ZEA MAYS KERNEL EXTRACT,,,84696-06-0,-,"Zea Mays Kernel Extract is an extract of the kernels of the Corn, Zea mays L., Poaceae",,BINDING | BULKING,Active,,ban substances that deplete the ozone layer,,,,,,,,N,,Y,1
60267,ZEA MAYS KERNEL MEAL,,,66071-96-3,266-116-0,"Zea Mays Meal is the coarse flour prepared by milling the kernels of the Corn, Zea mays L., Gramineae",,ABRASIVE | BINDING | BULKING,Active,,,,,,,,,,N,,Y,1
60268,ZEA MAYS SEED FLOUR,,,68525-86-0,271-199-1,"Zea Mays Flour are the finely milled and refined substances derived from grains of the Corn, Zea mays L., Gramineae",,ABRASIVE | ABSORBENT | BINDING | BULKING,Active,,,,,,,,,,N,,Y,1
60269,ZINC ADENOSINE TRIPHOSPHATE,,,6602-83-1,-,,"Adenosine 5'-(tetrahydrogen triphosphate), zinc salt (1:1)",ANTIOXIDANT | SKIN CONDITIONING,Active,III/24,ban substances that deplete the ozone layer,,,,,,,,N,,Y,1
60270,ZINC ASCORBATE,,,134343-96-7,,,"L-Ascorbic acid, zinc complex",ANTIOXIDANT | ORAL CARE | SKIN PROTECTING,Active,III/24,,,,,,,,,N,,Y,1
60271,ZINC CARBONATE HYDROXIDE,,,150607-22-0,-,,Zinc carbonate hydroxide,BUFFERING | BULKING,Active,,,,,,,,,,N,,Y,1
60272,ZINC CERIUM OXIDE,,,,,,Zinc cerium oxide,UV ABSORBER,Active,,,,,,,,,,N,,Y,1
60273,ZINC COCETH SULFATE,,,,,Zinc di(coco-alkylpoly(oxyethylene)sulfate) (1-4 mol EO average),,CLEANSING | SURFACTANT - EMULSIFYING | SURFACTANT - CLEANSING,Active,III/24,ban substances that deplete the ozone layer,,,,,,,,N,,Y,1
60274,ZINC COCO-SULFATE,,,-,-,"Sulfuric Acid, monococo-alkyl ester, zinc salt, (2:1)",,CLEANSING | SURFACTANT - EMULSIFYING | SURFACTANT - CLEANSING,Active,III/24,ban substances that deplete the ozone layer,,,,,,,,N,,Y,1
60275,ZINC CYSTEINATE,,,,,,Zinc Cysteate,ANTIMICROBIAL,Active,III/24,,,,,,,,,N,,Y,1
60276,TETRAPEPTIDE-4,,,-,-,"Tetrapeptide-4 is a synthetic peptide containing glysine, glutamic acid and proline residues",,SKIN CONDITIONING,Active,,,,,,,,,,N,,Y,1
60277,TETRAPEPTIDE-5,,,-,-,"Tetrapeptide-5 is a synthetic peptide containing alanine, histidine and serine residues",,SKIN CONDITIONING,Active,,ban substances that deplete the ozone layer,,,,,,,,N,,Y,1
60280,TETRASODIUM DICARBOXYMETHYL ASPARTATE,,,34612-80-1,,,"L-Aspartic Acid, N, N-bis(carboxymethyl),- tetrasodium Salt",CHELATING,Active,,,,,,,,,,N,,Y,1
60282,TETRASODIUM DISUCCINOYL CYSTINE,,,184830-08-8,,,"L-Cystine, N,N'-bis(3-carboxy-1-oxopropyl)-tetrasodium Salt",HAIR CONDITIONING,Active,,ban substances that deplete the ozone layer,,,,,,,,N,,Y,1
60284,TETRASODIUM IMINODISUCCINATE,,,144538-83-0,,,"Iminodibutanedioic acid, tetrasodium salt",CHELATING,Active,,ban substances that deplete the ozone layer,,,,,,,,N,,Y,1
60285,TEUCRIUM CANADENSE FLOWER/LEAF/STEM EXTRACT,,,,,"Teucrium Canadense Flower/Leaf/Stem Extract is the extract obtained from the flowers, leaves and stems of the Teucrium canadense L., Lamiaceae",,SKIN CONDITIONING,Active,,,,,,,,,,N,,Y,1
60286,THEANINE,,,3081-61-6,221-379-0,,N-Ethyl-L-Glutamine,SKIN CONDITIONING - EMOLLIENT | HUMECTANT | SKIN CONDITIONING,Active,,ban substances that deplete the ozone layer,,,,,,,,N,,Y,1
60287,THELYPTERIS INTERRUPTA LEAF EXTRACT,,,,,"Thelypteris Interrupta Leaf Extract is an extract of the leaves of the Thelypteris interrupta, Thelypteridaceae",,HUMECTANT | SKIN CONDITIONING,Active,,ban substances that deplete the ozone layer,,,,,,,,N,,Y,1
60288,THEOBROMA CACAO FRUIT POWDER,,,84649-99-0,283-480-6,"Theobroma Cacao (Cocoa) Fruit Powder is the powder obtained from the dried, ground fruit of the Cocoa, Theobroma cacao L., Sterculiaceae",,SKIN CONDITIONING,Active,,,,,,,,,,N,,Y,1
60289,THEOBROMA CACAO HUSK,,,84649-99-0,283-480-6,"Theobroma Cacao Husk is the husk obtained from the Cocoa, Theobroma cacao L., Sterculiaceae",,ABRASIVE,Active,,ban substances that deplete the ozone layer,,,,,,,,N,,Y,1
60290,THEOBROMA CACAO LEAF CELL EXTRACT,,,84649-99-0,283-480-6,"Theobroma Cacao Leaf Cell Extract is the extract of a culture of the leaves cells of the Cocoa, Theobroma cacao L., Sterculiaceae",,FRAGRANCE | SKIN PROTECTING,Active,,,,,,,,,,N,,Y,1
60291,THEOBROMA CACAO SEED BUTTER,,,84649-99-0 / 8002-31-1,283-480-6 / -,"Theobroma Cacao Seed Butter is a yellowish white solid material obtained from the roasted seeds of the Cocoa, Theobroma cacao L., Sterculiaceae",,SKIN CONDITIONING - EMOLLIENT | FRAGRANCE | SKIN CONDITIONING | SKIN PROTECTING,Active,,,,,,,,,,N,,Y,1
60292,THEOBROMA CACAO SEED POWDER,,,84649-99-0,283-480-6,"Theobroma Cacao Seed Powder is the powder obtained from the dried, ground seeds of the Cocoa, Theobroma cacao L., Sterculiaceae",,ABRASIVE,Active,,ban substances that deplete the ozone layer,,,,,,,,N,,Y,1
60293,THEOBROMA CACAO SHELL POWDER,,,84649-99-0,283-480-6,"Theobroma Cacao Shell Powder is a powder obtained from the dried, ground shells of the Cocoa, Theobroma cacao L., Sterculiaceae",,ABRASIVE | SKIN CONDITIONING,Active,,ban substances that deplete the ozone layer,,,,,,,,N,,Y,1
60294,THEOBROMA GRANDIFLORUM FRUIT EXTRACT,,,394236-97-6,-,"Theobroma Grandiflorum Fruit Extract is an extract of the fruit of Theobroma grandiflorum, Sterculiaceae",,SKIN CONDITIONING,Active,,ban substances that deplete the ozone layer,,,,,,,,N,,Y,1
60295,THEOBROMA GRANDIFLORUM SEED BUTTER,,,394236-97-6,-,"Theobroma Grandiflorum Seed Butter is the fat obtained from the seeds of Theobroma grandiflorum, Sterculiaceae",,SKIN CONDITIONING,Active,,,,,,,,,,N,,Y,1
60296,THERMUS THERMOPHILLUS FERMENT,,,,,Thermus Thermophillus Ferment is the product of the fermentation of Thermus Thermophillus,,SKIN CONDITIONING,Active,,ban substances that deplete the ozone layer,,,,,,,,N,,Y,1
60297,THIAMINE DIPHOSPHATE,,,154-87-0,205-836-1,,"Thiazolium, 3-[(4-amino-2-methyl-5-pyrimidinyl)methyl]-4-methyl-5-(4,6,6-trihydroxy-3,5-dioxa-4,6-diphosphahex-1-yl)-, chloride, P,P'-dioxide",SKIN CONDITIONING,Active,,ban substances that deplete the ozone layer,,,,,,,,N,,Y,1
60298,THIANTHOL,mesulfen,,135-58-0,205-202-4,,"Thianthrene, 2,7-dimethyl-",ANTIMICROBIAL | SKIN CONDITIONING,Active,,ban substances that deplete the ozone layer,,,,,,,,N,,Y,1
60299,THIOCTIC ACID,Thioctic acid [JAN],,1077-28-7,214-071-2,,"1,2-Dithiolane-3-pentanoic acid, (+/-)-",ANTIOXIDANT,Active,,ban substances that deplete the ozone layer,,,,,,,,N,,Y,1
60300,THIODIPROPIONIC ACID,,,111-17-1,203-841-3,,"3,3'-Thiodipropionic Acid",SKIN CONDITIONING,Active,,ban substances that deplete the ozone layer,,,,,,,,N,,Y,1
60301,ZINC GLYCINATE,,,14281-83-5,238-173-1,,"Glycine, Zinc Salt",BUFFERING,Active,III/24,ban substances that deplete the ozone layer,,,,,,,,N,,Y,1
60302,ZINC GLYCYRRHETINATE,,,,,,"3beta-Hydroxy-11-oxo-20beta-olean-12-en-29-oic acid, zinc salt",FRAGRANCE | SKIN CONDITIONING,Active,,ban substances that deplete the ozone layer,,,,,,,,N,,Y,1
60303,ZINC MAGNESIUM ASPARTATE,,,,,,Zinc magnesium aspartate,ANTIMICROBIAL | BUFFERING | SKIN PROTECTING,Active,III/24,,,,,,,,,N,,Y,1
60304,ZINC PICOLINATE,,,17949-65-4,-,,"2-Pyridinecarboxylic acid, zinc complex",ORAL CARE | SOOTHING,Active,III/24,ban substances that deplete the ozone layer,,,,,,,,N,,Y,1
60305,ZINC SALICYLATE,,,16283-36-6,240-380-7,,Zinc Disalicylate,ANTIMICROBIAL,Active,III/24,,,,,,,,,N,,Y,1
60306,ZINC SILICATE,,,13597-65-4,,,"Silicic Acid, Zinc Salt (1:2)",DEODORANT,Active,,,,,,,,,,N,,Y,1
60307,ZINC THIOSALICYLATE,,,16742-82-8,-,,"Zinc, bis[2-(mercapto-S)benzoato-O]-",ANTIOXIDANT | HAIR CONDITIONING | SKIN CONDITIONING,Active,III/24,,,,,,,,,N,,Y,1
60308,ZINC UNDECYLENOYL HYDROLYZED WHEAT PROTEIN,,,,,"Protein hydrolysates, wheat, reaction product with undecylenic acid, zinc salt",,EMULSION STABILISING | HAIR CONDITIONING | SKIN CONDITIONING,Active,III/24,,,,,,,,,N,,Y,1
60309,ZINC ZEOLITE,,,,,,Zinc Zeolite,ABSORBENT | ASTRINGENT | SKIN CONDITIONING | SKIN PROTECTING,Active,,ban substances that deplete the ozone layer,,,,,,,,N,,Y,1
60310,ZINGIBER AROMATICUS EXTRACT,,,84696-15-1,283-634-2,"Zingiber Aromaticus Extract is an extract of the roots of Zingiber aromaticus, Zingiberaceae",,SKIN CONDITIONING,Active,,,,,,,,,,N,,Y,1
60311,ZINGIBER CASSUMUNAR EXTRACT,,,84696-15-1,283-634-2,"Zingiber Cassumunar Extract is an extract of the leaves and flowers of Zingiber cassumunar, Zingiberaceae",,FRAGRANCE | SKIN CONDITIONING,Active,,ban substances that deplete the ozone layer,,,,,,,,N,,Y,1
60312,ZINGIBER CASSUMUNAR ROOT EXTRACT,,,84696-15-1,283-634-2,"Zingiber Cassumunar Root Extract is an extract of the roots of Zingiber cassumunar, Zingiberaceae",,HUMECTANT | SKIN CONDITIONING,Active,,ban substances that deplete the ozone layer,,,,,,,,N,,Y,1
60313,ZINGIBER CASSUMUNAR ROOT OIL,,,84696-15-1 / 8007-08-7,283-634-2 / -,"Zingiber Cassumunar Root Oil is the volatile oil obtained from the roots of Zingiber cassumunar, Zingiberaceae",,SKIN CONDITIONING,Active,,ban substances that deplete the ozone layer,,,,,,,,N,,Y,1
60314,ZINGIBER CASSUMUNAR ROOT POWDER,,,84696-15-1,283-634-2,"Zingiber Cassumunar Root Powder is the powder obtained from the dried, ground roots of Zingiber cassumunar, Zingiberaceae",,HUMECTANT | SKIN CONDITIONING,Active,,ban substances that deplete the ozone layer,,,,,,,,N,,Y,1
60316,ZINGIBER OFFICINALE ROOT EXTRACT,,,84696-15-1,283-634-2,"Zingiber Officinale Extract is an extract of the roots of the Ginger, Zingiber officinalis L., Zingiberaceae",,FRAGRANCE | SKIN CONDITIONING | TONIC | PERFUMING,Active,,ban substances that deplete the ozone layer,,,,,,,,N,,Y,1
60317,ZINGIBER OFFICINALE ROOT OIL,,,8007-08-7,-,"Zingiber Officinale Oil is the volatile oil obtained from the dried rhizomes of the Ginger, Zingiber officinale L., Zingiberaceae",,FRAGRANCE | SKIN CONDITIONING | TONIC | PERFUMING,Active,,ban substances that deplete the ozone layer,,,,,,,,N,,Y,1
60318,ZINGIBER OFFICINALE ROOT POWDER,,,84696-15-1,283-634-2,"Zingiber Officinale Root Powder is the powder obtained from the dried, ground roots of the Ginger, Zingiber officinale L., Zingiberaceae",,SKIN CONDITIONING,Active,,,,,,,,,,N,,Y,1
60319,ZINGIBER OFFICINALE WATER,,,84696-15-1,283-634-2,"Zingiber Officinale Water is an aqueous solution of the steam distillate obtained from the Ginger, Zingiber officinale L., Zingiberaceae",,FRAGRANCE,Active,,ban substances that deplete the ozone layer,,,,,,,,N,,Y,1
60320,ZINGIBER ZERUMBET EXTRACT,,,91770-92-2,294-880-5,"Zingiber Zerumbet Extract is an extract of the plant Zingiber zerumbet L., Zingiberaceae",,SKIN CONDITIONING,Active,,ban substances that deplete the ozone layer,,,,,,,,N,,Y,1
60321,ZINGIBER ZERUMBET JUICE,,,91770-92-2,294-880-5,"Zingiber Zerumbet Juice is the juice expressed from the flowering bracts of the Zingiber zerumbet L., Zingiberaceae",,HAIR CONDITIONING,Active,,,,,,,,,,N,,Y,1
60322,ZIZANIA AQUATICA EXTRACT,,,,,"Zizania Aquatica Extract is an extract of the whole plant Zizania aquatica L., Poaceae",,FRAGRANCE,Active,,ban substances that deplete the ozone layer,,,,,,,,N,,Y,1
60328,ZOSTERA MARINA EXTRACT,,,,,"Zostera Marina Extract is an extract of the plant Zostera marina L., Zosteraceae",,SKIN CONDITIONING,Active,,ban substances that deplete the ozone layer,,,,,,,,N,,Y,1
60329,ZYMOMONAS FERMENT EXTRACT,,,,,Zymomonas Ferment Extract is an extract of the product obtained by the fermentation of Zymomonas Mobilis,,HUMECTANT | SKIN CONDITIONING,Active,,ban substances that deplete the ozone layer,,,,,,,,N,,Y,1
60330,ZYMOMONAS FERMENT FILTRATE,,,,,Zymomonas Ferment Filtrate is a filtrate of the product obtained by the fermentation of Zymomonas,,HUMECTANT | SKIN CONDITIONING,Active,,,,,,,,,,N,,Y,1
60331,SUCCINOYL ATELOCOLLAGEN,,,,,Succinoyl Atelocollagen is the product formed by the reaction of succinic anhydride and atelocollagen (q.v.),,SKIN CONDITIONING,Active,,,,,,,,,,N,,Y,1
